cDNA_pos,Ref_nt,Alt_nt,Mutation,AA_pos,AA_ref,AA_alt,Label,clinvar_id
5012,N,N,c.5012N>N,1671,Lys,Ile,1,868526
4997,N,N,c.4997N>N,1666,Tyr,Phe,1,865515
137,N,N,c.137N>N,46,Phe,Tyr,1,867879
934,N,N,c.934N>N,312,Gly,Ser,0,3340388
413,N,N,c.413N>N,138,Leu,Pro,1,433690
1258,N,N,c.1258N>N,420,Asp,His,1,841465
4096,N,N,c.4096N>N,1366,Gly,Ser,1,96925
4529,N,N,c.4529N>N,1510,Met,Thr,1,420259
2087,N,N,c.2087N>N,696,Thr,Ile,1,861683
293,N,N,c.293N>N,98,Gly,Asp,1,865641
2899,N,N,c.2899N>N,967,Thr,Ser,1,54711
5092,N,N,c.5092N>N,1698,Glu,Lys,1,868630
74,N,N,c.74N>N,25,Pro,Arg,1,865065
3877,N,N,c.3877N>N,1293,Ala,Pro,1,37555
755,N,N,c.755N>N,252,Arg,His,1,55689
5137,N,N,c.5137N>N,1713,Val,Leu,1,868699
261,N,N,c.261N>N,87,Leu,Phe,1,868323
3310,N,N,c.3310N>N,1104,Lys,Glu,1,1502042
26,N,N,c.26N>N,9,Glu,Gly,1,868707
1405,N,N,c.1405N>N,469,Ala,Ser,1,2815548
3323,N,N,c.3323N>N,1108,Ile,Thr,1,3072354
4747,N,N,c.4747N>N,1583,Arg,Gly,1,928447
3579,N,N,c.3579N>N,1193,Phe,Leu,1,938265
863,N,N,c.863N>N,288,Ser,Asn,1,2118389
1763,N,N,c.1763N>N,588,Ser,Ile,1,438915
1206,N,N,c.1206N>N,402,Glu,Asp,1,845696
5221,N,N,c.5221N>N,1741,Val,Leu,1,867859
1957,N,N,c.1957N>N,653,Lys,Glu,1,3634679
2932,N,N,c.2932N>N,978,Tyr,His,1,232085
4697,N,N,c.4697N>N,1566,Ser,Cys,1,565578
5489,N,N,c.5489N>N,1830,Ala,Gly,1,864933
1738,N,N,c.1738N>N,580,Phe,Leu,1,1330049
1901,N,N,c.1901N>N,634,Pro,Arg,1,54392
1423,N,N,c.1423N>N,475,Ser,Cys,1,419692
1969,N,N,c.1969N>N,657,Gln,Lys,1,531381
1549,N,N,c.1549N>N,517,Phe,Ile,1,2716815
5501,N,N,c.5501N>N,1834,Thr,Asn,1,840931
1854,N,N,c.1854N>N,618,Arg,Ser,1,820162
1557,N,N,c.1557N>N,519,Lys,Asn,1,1389897
5483,N,N,c.5483N>N,1828,Cys,Tyr,1,867590
721,N,N,c.721N>N,241,Pro,Thr,1,438945
40,N,N,c.40N>N,14,Val,Leu,1,869093
768,N,N,c.768N>N,256,Arg,Ser,1,1760148
2913,N,N,c.2913N>N,971,His,Gln,1,638983
2824,N,N,c.2824N>N,942,Ala,Pro,1,1386762
4075,N,N,c.4075N>N,1359,Gln,Glu,1,37563
974,N,N,c.974N>N,325,Lys,Thr,1,948091
10,N,N,c.10N>N,4,Ser,Pro,1,230684
5555,N,N,c.5555N>N,1852,Thr,Ile,1,182174
4218,N,N,c.4218N>N,1406,Lys,Asn,1,999083
5329,N,N,c.5329N>N,1777,Thr,Ser,1,252402
518,N,N,c.518N>N,173,Pro,Arg,1,3634707
4789,N,N,c.4789N>N,1597,Thr,Ala,1,55288
5264,N,N,c.5264N>N,1755,Ser,Tyr,1,867907
26,N,N,c.26N>N,9,Glu,Ala,1,868706
1000,N,N,c.1000N>N,334,Pro,Thr,1,531405
1137,N,N,c.1137N>N,379,Ile,Met,1,54143
4496,N,N,c.4496N>N,1499,Ser,Phe,1,2879621
273,N,N,c.273N>N,91,Cys,Trp,1,54666
3748,N,N,c.3748N>N,1250,Glu,Lys,1,54987
103,N,N,c.103N>N,35,Val,Ile,1,867489
3055,N,N,c.3055N>N,1019,Ile,Val,1,37504
197,N,N,c.197N>N,66,Asn,Thr,1,865248
4427,N,N,c.4427N>N,1476,Lys,Arg,1,2771147
5274,N,N,c.5274N>N,1758,Arg,Ser,1,867916
944,N,N,c.944N>N,315,Arg,Lys,1,441447
1800,N,N,c.1800N>N,600,Ile,Met,1,54354
5254,N,N,c.5254N>N,1752,Ala,Pro,1,55483
5479,N,N,c.5479N>N,1827,Met,Leu,0,864921
4289,N,N,c.4289N>N,1430,Pro,Leu,1,950626
4984,N,N,c.4984N>N,1662,Phe,Val,1,865488
2845,N,N,c.2845N>N,949,Gly,Ser,1,579135
1025,N,N,c.1025N>N,342,Leu,Pro,1,441393
1228,N,N,c.1228N>N,410,Ala,Pro,1,1754889
4882,N,N,c.4882N>N,1628,Met,Val,1,55306
2425,N,N,c.2425N>N,809,Glu,Lys,1,188213
4581,N,N,c.4581N>N,1527,Glu,Asp,1,1015826
2039,N,N,c.2039N>N,680,Lys,Arg,1,182139
205,N,N,c.205N>N,69,Thr,Ala,1,868280
1978,N,N,c.1978N>N,660,Val,Ile,1,234157
3962,N,N,c.3962N>N,1321,Ser,Tyr,1,142790
215,N,N,c.215N>N,72,Ser,Asn,1,867975
163,N,N,c.163N>N,55,Lys,Glu,1,865216
4871,N,N,c.4871N>N,1624,Gly,Glu,1,462656
5249,N,N,c.5249N>N,1750,Lys,Arg,1,867277
2663,N,N,c.2663N>N,888,His,Pro,1,230920
3424,N,N,c.3424N>N,1142,Ala,Ser,1,571397
4430,N,N,c.4430N>N,1477,Phe,Cys,1,3240942
1447,N,N,c.1447N>N,483,Ile,Val,1,1718720
3541,N,N,c.3541N>N,1181,Val,Phe,1,823906
5194,N,N,c.5194N>N,1732,His,Asn,1,867500
566,N,N,c.566N>N,189,Asp,Gly,1,491179
4641,N,N,c.4641N>N,1547,Leu,Phe,1,219819
265,N,N,c.265N>N,89,Ile,Leu,1,868812
3299,N,N,c.3299N>N,1100,Gly,Ala,1,2098067
2253,N,N,c.2253N>N,751,Met,Ile,0,4625747
1343,N,N,c.1343N>N,448,His,Arg,1,993198
3613,N,N,c.3613N>N,1205,Gly,Arg,1,54937
914,N,N,c.914N>N,305,Cys,Tyr,1,229918
1772,N,N,c.1772N>N,591,Ile,Thr,1,54345
4775,N,N,c.4775N>N,1592,Asn,Ser,1,187395
807,N,N,c.807N>N,269,Leu,Phe,1,2764869
286,N,N,c.286N>N,96,Asp,His,1,462596
2884,N,N,c.2884N>N,962,Glu,Lys,1,54709
5048,N,N,c.5048N>N,1683,Glu,Ala,1,868561
195,N,N,c.195N>N,65,Lys,Asn,1,868269
1339,N,N,c.1339N>N,447,Val,Ile,1,142873
5419,N,N,c.5419N>N,1807,Ile,Leu,1,868476
722,N,N,c.722N>N,241,Pro,Leu,1,55679
1581,N,N,c.1581N>N,527,Lys,Asn,1,1775717
3047,N,N,c.3047N>N,1016,Asn,Ser,1,584950
2911,N,N,c.2911N>N,971,His,Asn,1,54714
1205,N,N,c.1205N>N,402,Glu,Val,1,462552
4902,N,N,c.4902N>N,1634,Arg,Ser,1,868387
3415,N,N,c.3415N>N,1139,Ser,Arg,1,141462
158,N,N,c.158N>N,53,Asn,Ile,1,867900
2171,N,N,c.2171N>N,724,Pro,Leu,1,581291
3421,N,N,c.3421N>N,1141,His,Asp,1,3074857
4748,N,N,c.4748N>N,1583,Arg,Thr,1,928766
3601,N,N,c.3601N>N,1201,Gly,Arg,1,489717
4268,N,N,c.4268N>N,1423,Ser,Asn,1,946942
5321,N,N,c.5321N>N,1774,Asn,Ile,1,867994
5057,N,N,c.5057N>N,1686,His,Arg,1,183179
2143,N,N,c.2143N>N,715,Thr,Ser,1,182141
199,N,N,c.199N>N,67,Asp,Asn,1,91572
1870,N,N,c.1870N>N,624,Glu,Lys,1,54374
790,N,N,c.790N>N,264,Ser,Cys,1,55703
2140,N,N,c.2140N>N,714,Asn,Asp,1,922899
1720,N,N,c.1720N>N,574,Leu,Ile,1,3634686
3952,N,N,c.3952N>N,1318,Ile,Val,1,55058
866,N,N,c.866N>N,289,Ser,Asn,1,441442
548,N,N,c.548N>N,183,Gly,Ala,1,1992535
3893,N,N,c.3893N>N,1298,Ser,Leu,1,245990
1732,N,N,c.1732N>N,578,Ser,Pro,1,1779017
1620,N,N,c.1620N>N,540,Glu,Asp,1,531310
1598,N,N,c.1598N>N,533,Asn,Ser,1,188408
5017,N,N,c.5017N>N,1673,His,Tyr,0,865537
4966,N,N,c.4966N>N,1656,Gly,Arg,1,868459
929,N,N,c.929N>N,310,Gln,Arg,1,1345668
2773,N,N,c.2773N>N,925,Ile,Leu,1,37489
854,N,N,c.854N>N,285,His,Pro,1,1055953
2546,N,N,c.2546N>N,849,Glu,Gly,1,631249
1548,N,N,c.1548N>N,516,Asp,Glu,1,2815522
235,N,N,c.235N>N,79,Phe,Val,1,662065
4514,N,N,c.4514N>N,1505,Asp,Gly,1,650220
2668,N,N,c.2668N>N,890,Gly,Arg,1,54634
98,N,N,c.98N>N,33,Glu,Ala,1,234092
4185,N,N,c.4185N>N,1395,Gln,His,1,1410374
329,N,N,c.329N>N,110,Lys,Arg,1,1804789
2297,N,N,c.2297N>N,766,Ser,Thr,1,1382179
1490,N,N,c.1490N>N,497,Pro,Leu,1,479224
2552,N,N,c.2552N>N,851,Glu,Gly,1,629065
5275,N,N,c.5275N>N,1759,Lys,Gln,1,867918
257,N,N,c.257N>N,86,Leu,Gln,1,865338
2774,N,N,c.2774N>N,925,Ile,Thr,1,560854
5455,N,N,c.5455N>N,1819,Asn,His,1,868509
1426,N,N,c.1426N>N,476,His,Tyr,1,1772378
2747,N,N,c.2747N>N,916,Asn,Ser,1,482965
4526,N,N,c.4526N>N,1509,Tyr,Cys,1,441381
191,N,N,c.191N>N,64,Cys,Ser,1,462571
5305,N,N,c.5305N>N,1769,Tyr,Asn,1,865287
5566,N,N,c.5566N>N,1856,Pro,Ser,1,55632
2098,N,N,c.2098N>N,700,Leu,Val,1,1330120
377,N,N,c.377N>N,126,Gln,Arg,1,1734826
193,N,N,c.193N>N,65,Lys,Gln,1,867932
3260,N,N,c.3260N>N,1087,Gly,Ala,1,54812
1913,N,N,c.1913N>N,638,Glu,Ala,1,185123
5252,N,N,c.5252N>N,1751,Arg,Leu,1,531284
946,N,N,c.946N>N,316,Ser,Gly,1,37709
926,N,N,c.926N>N,309,Lys,Thr,1,55756
3860,N,N,c.3860N>N,1287,Glu,Gly,1,1477696
322,N,N,c.322N>N,108,Ala,Pro,0,4533104
1233,N,N,c.1233N>N,411,Asp,Glu,1,41804
1288,N,N,c.1288N>N,430,Asp,His,1,1443709
4486,N,N,c.4486N>N,1496,Ser,Thr,1,2693375
5525,N,N,c.5525N>N,1842,Val,Glu,1,481475
4337,N,N,c.4337N>N,1446,Glu,Ala,1,440473
5282,N,N,c.5282N>N,1761,Phe,Tyr,1,867342
626,N,N,c.626N>N,209,Pro,Leu,1,409315
1367,N,N,c.1367N>N,456,Ile,Thr,1,54222
4940,N,N,c.4940N>N,1647,Asn,Ile,1,865709
5411,N,N,c.5411N>N,1804,Val,Ala,1,865470
5343,N,N,c.5343N>N,1781,Glu,Asp,1,868356
2419,N,N,c.2419N>N,807,Ala,Pro,1,2735349
5355,N,N,c.5355N>N,1785,Gln,His,1,868371
4772,N,N,c.4772N>N,1591,Gly,Asp,1,462655
2079,N,N,c.2079N>N,693,Asp,Glu,1,2565368
3722,N,N,c.3722N>N,1241,Ser,Cys,1,54980
5440,N,N,c.5440N>N,1814,Ala,Ser,1,865518
5123,N,N,c.5123N>N,1708,Ala,Gly,1,867673
1826,N,N,c.1826N>N,609,Asn,Ser,1,37429
5507,N,N,c.5507N>N,1836,Glu,Gly,1,868603
1651,N,N,c.1651N>N,551,Ser,Gly,1,182134
91,N,N,c.91N>N,31,Ile,Phe,1,867475
4502,N,N,c.4502N>N,1501,Cys,Tyr,1,1044675
904,N,N,c.904N>N,302,Ala,Thr,1,1405927
2462,N,N,c.2462N>N,821,Asp,Val,1,1791648
5201,N,N,c.5201N>N,1734,Phe,Cys,1,646505
154,N,N,c.154N>N,52,Leu,Val,1,867281
542,N,N,c.542N>N,181,Glu,Ala,1,3340216
5398,N,N,c.5398N>N,1800,Leu,Ile,0,868419
4766,N,N,c.4766N>N,1589,Arg,Pro,1,888623
2449,N,N,c.2449N>N,817,Gly,Ser,1,479245
1094,N,N,c.1094N>N,365,Arg,Ile,1,925793
2522,N,N,c.2522N>N,841,Arg,Leu,1,1792565
3520,N,N,c.3520N>N,1174,Ser,Ala,1,3582084
3424,N,N,c.3424N>N,1142,Ala,Pro,1,54878
1829,N,N,c.1829N>N,610,Arg,Lys,1,233305
5561,N,N,c.5561N>N,1854,Leu,Pro,1,55631
101,N,N,c.101N>N,34,Pro,Leu,1,186913
1469,N,N,c.1469N>N,490,Pro,Leu,1,229946
3172,N,N,c.3172N>N,1058,Ile,Val,1,421966
4127,N,N,c.4127N>N,1376,Thr,Arg,1,37571
1502,N,N,c.1502N>N,501,Lys,Thr,1,438911
2794,N,N,c.2794N>N,932,Val,Phe,1,821817
3211,N,N,c.3211N>N,1071,Glu,Lys,1,184828
4777,N,N,c.4777N>N,1593,Ile,Val,1,55285
5315,N,N,c.5315N>N,1772,Phe,Tyr,1,865296
4980,N,N,c.4980N>N,1660,Glu,Asp,1,868887
3167,N,N,c.3167N>N,1056,Ser,Phe,1,231051
2761,N,N,c.2761N>N,921,Gln,Glu,1,1795695
452,N,N,c.452N>N,151,Ser,Asn,1,1988377
2024,N,N,c.2024N>N,675,Ala,Val,1,1395965
3933,N,N,c.3933N>N,1311,Asn,Lys,1,824398
3541,N,N,c.3541N>N,1181,Val,Leu,1,1346072
3193,N,N,c.3193N>N,1065,Asp,Tyr,1,2761260
2338,N,N,c.2338N>N,780,Gln,Lys,1,54539
2419,N,N,c.2419N>N,807,Ala,Ser,1,54564
3901,N,N,c.3901N>N,1301,Ser,Gly,1,187243
3478,N,N,c.3478N>N,1160,Lys,Glu,1,1063657
3965,N,N,c.3965N>N,1322,Lys,Arg,1,481448
1478,N,N,c.1478N>N,493,Ile,Thr,1,462560
