cDNA_pos,Ref_nt,Alt_nt,Mutation,AA_pos,AA_ref,AA_alt,Label,clinvar_id,Gene
698,N,N,c.698N>N,233,Glu,Gly,1,138873,RAD51D
932,N,N,c.932N>N,311,Ile,Asn,1,127896,RAD51D
493,N,N,c.493N>N,165,Arg,Trp,1,127891,RAD51D
739,N,N,c.739N>N,247,Val,Leu,1,410547,RAD51D
68,N,N,c.68N>N,23,His,Arg,1,418673,RAD51D
205,N,N,c.205N>N,69,Ala,Thr,1,418972,RAD51D
392,N,N,c.392N>N,131,Asn,Ser,1,410554,RAD51D
752,N,N,c.752N>N,251,Ile,Lys,1,418446,RAD51D
715,N,N,c.715N>N,239,Arg,Gly,0,472620,RAD51D
142,N,N,c.142N>N,48,Lys,Gln,1,927893,RAD51D
629,N,N,c.629N>N,210,Ala,Glu,1,410563,RAD51D
407,N,N,c.407N>N,136,Asp,Gly,1,232305,RAD51D
872,N,N,c.872N>N,291,Arg,His,1,182865,RAD51D
944,N,N,c.944N>N,315,Gly,Val,0,231621,RAD51D
541,N,N,c.541N>N,181,Val,Met,1,230636,RAD51D
5,N,N,c.5N>N,2,Gly,Ala,1,480530,RAD51D
16,N,N,c.16N>N,6,Val,Leu,0,928509,RAD51D
436,N,N,c.436N>N,146,Leu,Phe,1,410559,RAD51D
146,N,N,c.146N>N,49,Ala,Val,1,127883,RAD51D
164,N,N,c.164N>N,55,Arg,Gln,1,230266,RAD51D
256,N,N,c.256N>N,86,Ile,Phe,0,141859,RAD51D
412,N,N,c.412N>N,138,Asn,Asp,1,182858,RAD51D
180,N,N,c.180N>N,60,Gln,His,1,484767,RAD51D
878,N,N,c.878N>N,293,Ala,Val,1,187161,RAD51D
1,N,N,c.1N>N,1,Met,Leu,1,419798,RAD51D
804,N,N,c.804N>N,268,Trp,Cys,0,827417,RAD51D
844,N,N,c.844N>N,282,Glu,Lys,0,570552,RAD51D
109,N,N,c.109N>N,37,Glu,Gln,1,232574,RAD51D
957,N,N,c.957N>N,319,Gln,His,0,2866042,RAD51D
598,N,N,c.598N>N,200,Val,Met,1,578475,RAD51D
629,N,N,c.629N>N,210,Ala,Val,1,141969,RAD51D
938,N,N,c.938N>N,313,Thr,Asn,0,823206,RAD51D
550,N,N,c.550N>N,184,Glu,Lys,0,187314,RAD51D
598,N,N,c.598N>N,200,Val,Leu,0,1750895,RAD51D
86,N,N,c.86N>N,29,Val,Ala,1,584942,RAD51D
194,N,N,c.194N>N,65,Pro,Arg,0,1783190,RAD51D
208,N,N,c.208N>N,70,Asp,Asn,1,127885,RAD51D
751,N,N,c.751N>N,251,Ile,Val,1,141300,RAD51D
335,N,N,c.335N>N,112,Gly,Asp,0,142955,RAD51D
331,N,N,c.331N>N,111,Ser,Arg,0,854534,RAD51D
767,N,N,c.767N>N,256,Asp,Ala,1,246302,RAD51D
346,N,N,c.346N>N,116,Val,Ile,0,484770,RAD51D
965,N,N,c.965N>N,322,Thr,Ile,0,4539173,RAD51D
784,N,N,c.784N>N,262,Pro,Thr,0,492444,RAD51D
955,N,N,c.955N>N,319,Gln,Glu,0,3894140,RAD51D
952,N,N,c.952N>N,318,Glu,Lys,1,230736,RAD51D
641,N,N,c.641N>N,214,Pro,Leu,1,574602,RAD51D
821,N,N,c.821N>N,274,Thr,Ile,1,182864,RAD51D
772,N,N,c.772N>N,258,Gly,Arg,0,186803,RAD51D
308,N,N,c.308N>N,103,Thr,Ser,1,1692727,RAD51D
19,N,N,c.19N>N,7,Gly,Arg,1,422649,RAD51D
509,N,N,c.509N>N,170,Val,Ala,0,231261,RAD51D
14,N,N,c.14N>N,5,Arg,Lys,0,917702,RAD51D
610,N,N,c.610N>N,204,Val,Ile,0,484787,RAD51D
101,N,N,c.101N>N,34,Ala,Val,0,231115,RAD51D
16,N,N,c.16N>N,6,Val,Ile,0,186089,RAD51D
270,N,N,c.270N>N,90,Asp,Glu,1,584559,RAD51D
48,N,N,c.48N>N,16,Met,Ile,1,2671655,RAD51D
836,N,N,c.836N>N,279,Asp,Gly,1,2574360,RAD51D
136,N,N,c.136N>N,46,Ser,Pro,1,480525,RAD51D
345,N,N,c.345N>N,115,Gln,His,1,643598,RAD51D
373,N,N,c.373N>N,125,Ala,Thr,1,1304193,RAD51D
140,N,N,c.140N>N,47,Tyr,Cys,1,819144,RAD51D
233,N,N,c.233N>N,78,Ser,Phe,1,484766,RAD51D
208,N,N,c.208N>N,70,Asp,Tyr,0,2682069,RAD51D
260,N,N,c.260N>N,87,Gly,Asp,1,926223,RAD51D
924,N,N,c.924N>N,308,Met,Ile,0,1766326,RAD51D
841,N,N,c.841N>N,281,Ile,Val,0,2123093,RAD51D
334,N,N,c.334N>N,112,Gly,Ser,0,627674,RAD51D
929,N,N,c.929N>N,310,Asp,Ala,0,322624,RAD51D
865,N,N,c.865N>N,289,Gly,Ser,0,141945,RAD51D
712,N,N,c.712N>N,238,Ala,Thr,1,141910,RAD51D
364,N,N,c.364N>N,122,Ala,Thr,1,1489023,RAD51D
394,N,N,c.394N>N,132,Val,Ile,1,185178,RAD51D
179,N,N,c.179N>N,60,Gln,Pro,0,4533055,RAD51D
368,N,N,c.368N>N,123,Asn,Ser,1,410550,RAD51D
419,N,N,c.419N>N,140,Gly,Glu,1,182851,RAD51D
782,N,N,c.782N>N,261,Lys,Thr,0,410569,RAD51D
764,N,N,c.764N>N,255,Arg,Lys,1,482193,RAD51D
422,N,N,c.422N>N,141,Leu,Pro,1,186683,RAD51D
292,N,N,c.292N>N,98,Tyr,Asn,1,182855,RAD51D
82,N,N,c.82N>N,28,Val,Leu,1,1762829,RAD51D
377,N,N,c.377N>N,126,His,Leu,1,182857,RAD51D
931,N,N,c.931N>N,311,Ile,Val,0,584560,RAD51D
826,N,N,c.826N>N,276,Ile,Leu,1,472623,RAD51D
106,N,N,c.106N>N,36,Leu,Met,1,657593,RAD51D
53,N,N,c.53N>N,18,Gln,Arg,1,232535,RAD51D
802,N,N,c.802N>N,268,Trp,Arg,1,234037,RAD51D
7,N,N,c.7N>N,3,Val,Met,1,231650,RAD51D
983,N,N,c.983N>N,328,Thr,Ile,1,141343,RAD51D
925,N,N,c.925N>N,309,Val,Ile,0,1721205,RAD51D
223,N,N,c.223N>N,75,Leu,Val,0,1703706,RAD51D
785,N,N,c.785N>N,262,Pro,Leu,1,182863,RAD51D
972,N,N,c.972N>N,324,Gln,His,0,185169,RAD51D
131,N,N,c.131N>N,44,Gly,Asp,0,184924,RAD51D
137,N,N,c.137N>N,46,Ser,Cys,1,127882,RAD51D
47,N,N,c.47N>N,16,Met,Thr,0,208767,RAD51D
187,N,N,c.187N>N,63,Ala,Thr,0,820232,RAD51D
568,N,N,c.568N>N,190,Ala,Thr,1,127892,RAD51D
584,N,N,c.584N>N,195,Gly,Asp,1,848749,RAD51D
77,N,N,c.77N>N,26,Lys,Arg,1,410565,RAD51D
716,N,N,c.716N>N,239,Arg,Gln,1,229883,RAD51D
356,N,N,c.356N>N,119,Cys,Tyr,1,234195,RAD51D
412,N,N,c.412N>N,138,Asn,His,0,127888,RAD51D
680,N,N,c.680N>N,227,Met,Thr,1,472619,RAD51D
727,N,N,c.727N>N,243,Met,Val,0,1758045,RAD51D
632,N,N,c.632N>N,211,Val,Glu,0,1338118,RAD51D
911,N,N,c.911N>N,304,Gly,Asp,0,141707,RAD51D
511,N,N,c.511N>N,171,His,Tyr,0,484776,RAD51D
620,N,N,c.620N>N,207,Ser,Trp,1,480538,RAD51D
29,N,N,c.29N>N,10,Pro,Leu,1,472596,RAD51D
488,N,N,c.488N>N,163,Ala,Val,1,825260,RAD51D
286,N,N,c.286N>N,96,Gly,Cys,0,231684,RAD51D
182,N,N,c.182N>N,61,Phe,Ser,1,1311049,RAD51D
365,N,N,c.365N>N,122,Ala,Glu,1,1063705,RAD51D
196,N,N,c.196N>N,66,Val,Leu,1,419663,RAD51D
295,N,N,c.295N>N,99,Thr,Pro,0,801277,RAD51D
973,N,N,c.973N>N,325,Gly,Arg,0,2011510,RAD51D
734,N,N,c.734N>N,245,Val,Ala,0,410556,RAD51D
230,N,N,c.230N>N,77,Thr,Ile,1,472593,RAD51D
623,N,N,c.623N>N,208,Val,Ala,1,422273,RAD51D
755,N,N,c.755N>N,252,Thr,Ile,1,658955,RAD51D
968,N,N,c.968N>N,323,Leu,Ser,0,1767798,RAD51D
20,N,N,c.20N>N,7,Gly,Glu,1,472592,RAD51D
793,N,N,c.793N>N,265,Gly,Arg,1,142125,RAD51D
217,N,N,c.217N>N,73,Glu,Lys,0,187455,RAD51D
202,N,N,c.202N>N,68,Gly,Ser,1,410548,RAD51D
691,N,N,c.691N>N,231,Ala,Ser,1,480531,RAD51D
332,N,N,c.332N>N,111,Ser,Asn,1,187017,RAD51D
455,N,N,c.455N>N,152,Ala,Asp,0,232172,RAD51D
752,N,N,c.752N>N,251,Ile,Arg,1,482192,RAD51D
736,N,N,c.736N>N,246,Val,Met,0,826995,RAD51D
64,N,N,c.64N>N,22,Ser,Gly,0,3657233,RAD51D
695,N,N,c.695N>N,232,Arg,Pro,1,581983,RAD51D
479,N,N,c.479N>N,160,Gln,Arg,0,1485112,RAD51D
361,N,N,c.361N>N,121,Ala,Thr,1,484777,RAD51D
769,N,N,c.769N>N,257,Ser,Gly,0,628572,RAD51D
329,N,N,c.329N>N,110,Gly,Ala,0,229820,RAD51D
673,N,N,c.673N>N,225,Ala,Thr,1,229842,RAD51D
494,N,N,c.494N>N,165,Arg,Gln,0,142159,RAD51D
49,N,N,c.49N>N,17,Ile,Val,0,659719,RAD51D
875,N,N,c.875N>N,292,Met,Thr,1,2683740,RAD51D
787,N,N,c.787N>N,263,Ala,Ser,0,492445,RAD51D
397,N,N,c.397N>N,133,Leu,Val,1,1736680,RAD51D
835,N,N,c.835N>N,279,Asp,Asn,1,231837,RAD51D
973,N,N,c.973N>N,325,Gly,Cys,0,3222895,RAD51D
590,N,N,c.590N>N,197,Ser,Leu,1,839302,RAD51D
2,N,N,c.2N>N,1,Met,Lys,1,449883,RAD51D
496,N,N,c.496N>N,166,Arg,Gly,1,418444,RAD51D
899,N,N,c.899N>N,300,Arg,Gln,1,239405,RAD51D
527,N,N,c.527N>N,176,Phe,Ser,1,419859,RAD51D
910,N,N,c.910N>N,304,Gly,Cys,1,232482,RAD51D
797,N,N,c.797N>N,266,Arg,His,1,186248,RAD51D
1,N,N,c.1N>N,1,Met,Val,1,127884,RAD51D
163,N,N,c.163N>N,55,Arg,Trp,1,230594,RAD51D
374,N,N,c.374N>N,125,Ala,Val,1,472604,RAD51D
883,N,N,c.883N>N,295,Leu,Val,1,410562,RAD51D
745,N,N,c.745N>N,249,Asn,Asp,1,182862,RAD51D
876,N,N,c.876N>N,292,Met,Ile,0,926698,RAD51D
223,N,N,c.223N>N,75,Leu,Met,1,642845,RAD51D
481,N,N,c.481N>N,161,Ala,Ser,1,584936,RAD51D
704,N,N,c.704N>N,235,Lys,Met,1,482194,RAD51D
34,N,N,c.34N>N,12,Leu,Val,1,472603,RAD51D
131,N,N,c.131N>N,44,Gly,Ala,1,410546,RAD51D
530,N,N,c.530N>N,177,Gln,Arg,0,2965685,RAD51D
229,N,N,c.229N>N,77,Thr,Ala,0,490138,RAD51D
667,N,N,c.667N>N,223,Gly,Ser,1,418445,RAD51D
26,N,N,c.26N>N,9,Cys,Phe,0,472595,RAD51D
652,N,N,c.652N>N,218,Gly,Ser,1,1692734,RAD51D
859,N,N,c.859N>N,287,Ser,Pro,0,662153,RAD51D
91,N,N,c.91N>N,31,Leu,Val,0,3765078,RAD51D
938,N,N,c.938N>N,313,Thr,Ile,0,2809575,RAD51D
768,N,N,c.768N>N,256,Asp,Glu,0,630039,RAD51D
533,N,N,c.533N>N,178,Met,Thr,1,2575698,RAD51D
842,N,N,c.842N>N,281,Ile,Thr,0,410558,RAD51D
575,N,N,c.575N>N,192,Gln,Arg,1,232943,RAD51D
296,N,N,c.296N>N,99,Thr,Ile,0,577716,RAD51D
569,N,N,c.569N>N,190,Ala,Asp,1,2505283,RAD51D
796,N,N,c.796N>N,266,Arg,Cys,1,141519,RAD51D
871,N,N,c.871N>N,291,Arg,Cys,1,231161,RAD51D
50,N,N,c.50N>N,17,Ile,Thr,0,1745347,RAD51D
26,N,N,c.26N>N,9,Cys,Ser,1,127886,RAD51D
2,N,N,c.2N>N,1,Met,Arg,1,420660,RAD51D
200,N,N,c.200N>N,67,Asn,Ser,1,630041,RAD51D
488,N,N,c.488N>N,163,Ala,Asp,1,187440,RAD51D
886,N,N,c.886N>N,296,Ala,Ser,0,539854,RAD51D
467,N,N,c.467N>N,156,Asp,Ala,0,1503928,RAD51D
224,N,N,c.224N>N,75,Leu,Arg,1,1788409,RAD51D
844,N,N,c.844N>N,282,Glu,Gln,0,1763434,RAD51D
661,N,N,c.661N>N,221,Arg,Trp,0,3240257,RAD51D
2,N,N,c.2N>N,1,Met,Thr,1,450694,RAD51D
745,N,N,c.745N>N,249,Asn,His,1,3369811,RAD51D
967,N,N,c.967N>N,323,Leu,Val,0,1416150,RAD51D
335,N,N,c.335N>N,112,Gly,Ala,1,234081,RAD51D
569,N,N,c.569N>N,190,Ala,Val,1,952052,RAD51D
607,N,N,c.607N>N,203,Val,Met,1,182860,RAD51D
268,N,N,c.268N>N,90,Asp,Asn,1,187680,RAD51D
758,N,N,c.758N>N,253,Arg,Gln,1,410568,RAD51D
433,N,N,c.433N>N,145,Arg,Cys,0,231938,RAD51D
340,N,N,c.340N>N,114,Thr,Pro,1,1496477,RAD51D
293,N,N,c.293N>N,98,Tyr,Cys,0,482205,RAD51D
322,N,N,c.322N>N,108,Gly,Ser,0,922372,RAD51D
715,N,N,c.715N>N,239,Arg,Trp,1,187225,RAD51D
922,N,N,c.922N>N,308,Met,Val,1,185144,RAD51D
634,N,N,c.634N>N,212,Val,Ile,1,182861,RAD51D
80,N,N,c.80N>N,27,Thr,Ile,1,480524,RAD51D
379,N,N,c.379N>N,127,Gly,Ser,1,855551,RAD51D
233,N,N,c.233N>N,78,Ser,Cys,0,1355953,RAD51D
766,N,N,c.766N>N,256,Asp,Tyr,1,1313516,RAD51D
973,N,N,c.973N>N,325,Gly,Ser,1,127898,RAD51D
860,N,N,c.860N>N,287,Ser,Leu,0,1395136,RAD51D
938,N,N,c.938N>N,313,Thr,Ser,1,1017562,RAD51D
4,N,N,c.4N>N,2,Gly,Ser,1,182866,RAD51D
959,N,N,c.959N>N,320,Ser,Asn,0,2563029,RAD51D
295,N,N,c.295N>N,99,Thr,Ala,1,246346,RAD51D
370,N,N,c.370N>N,124,Val,Met,0,1298699,RAD51D
682,N,N,c.682N>N,228,Met,Val,0,2576266,RAD51D
839,N,N,c.839N>N,280,Thr,Ile,0,1006420,RAD51D
196,N,N,c.196N>N,66,Val,Met,1,141578,RAD51D
114,N,N,c.114N>N,38,Glu,Asp,0,3312399,RAD51D
151,N,N,c.151N>N,51,Val,Ile,1,954291,RAD51D
619,N,N,c.619N>N,207,Ser,Pro,1,229719,RAD51D
80,N,N,c.80N>N,27,Thr,Lys,1,410557,RAD51D
932,N,N,c.932N>N,311,Ile,Thr,1,127897,RAD51D
71,N,N,c.71N>N,24,Arg,Lys,0,630484,RAD51D
4,N,N,c.4N>N,2,Gly,Cys,1,421161,RAD51D
22,N,N,c.22N>N,8,Leu,Val,0,231516,RAD51D
493,N,N,c.493N>N,165,Arg,Gly,1,127890,RAD51D
339,N,N,c.339N>N,113,Lys,Asn,1,185853,RAD51D
982,N,N,c.982N>N,328,Thr,Ser,1,947018,RAD51D
259,N,N,c.259N>N,87,Gly,Ser,1,472594,RAD51D
823,N,N,c.823N>N,275,Arg,Trp,1,245669,RAD51D
431,N,N,c.431N>N,144,Ser,Phe,1,141609,RAD51D
620,N,N,c.620N>N,207,Ser,Leu,1,142102,RAD51D
695,N,N,c.695N>N,232,Arg,Gln,1,138872,RAD51D
817,N,N,c.817N>N,273,Ser,Cys,1,233393,RAD51D
974,N,N,c.974N>N,325,Gly,Asp,1,1310728,RAD51D
807,N,N,c.807N>N,269,Ser,Arg,1,4057159,RAD51D
28,N,N,c.28N>N,10,Pro,Ser,1,480536,RAD51D
401,N,N,c.401N>N,134,Tyr,Cys,1,584938,RAD51D
434,N,N,c.434N>N,145,Arg,His,1,187149,RAD51D
66,N,N,c.66N>N,22,Ser,Arg,0,993235,RAD51D
137,N,N,c.137N>N,46,Ser,Phe,0,1704530,RAD51D
866,N,N,c.866N>N,289,Gly,Val,1,652553,RAD51D
839,N,N,c.839N>N,280,Thr,Ser,1,230436,RAD51D
307,N,N,c.307N>N,103,Thr,Ala,1,472597,RAD51D
806,N,N,c.806N>N,269,Ser,Asn,1,484771,RAD51D
919,N,N,c.919N>N,307,Glu,Lys,1,127895,RAD51D
915,N,N,c.915N>N,305,Phe,Leu,1,480950,RAD51D
283,N,N,c.283N>N,95,Ala,Thr,0,633387,RAD51D
868,N,N,c.868N>N,290,Arg,Trp,1,187277,RAD51D
149,N,N,c.149N>N,50,Leu,Pro,1,2840178,RAD51D
641,N,N,c.641N>N,214,Pro,Gln,0,410545,RAD51D
668,N,N,c.668N>N,223,Gly,Ala,1,419019,RAD51D
413,N,N,c.413N>N,138,Asn,Ser,1,127889,RAD51D
824,N,N,c.824N>N,275,Arg,Gln,1,185774,RAD51D
856,N,N,c.856N>N,286,Ala,Thr,0,1172381,RAD51D
874,N,N,c.874N>N,292,Met,Val,0,472627,RAD51D
38,N,N,c.38N>N,13,Thr,Ile,1,422517,RAD51D
355,N,N,c.355N>N,119,Cys,Arg,1,182856,RAD51D
167,N,N,c.167N>N,56,Val,Gly,0,1098881,RAD51D
754,N,N,c.754N>N,252,Thr,Pro,1,949331,RAD51D
471,N,N,c.471N>N,157,Glu,Asp,1,490142,RAD51D
158,N,N,c.158N>N,53,Leu,Pro,0,1508112,RAD51D
843,N,N,c.843N>N,281,Ile,Met,0,484785,RAD51D
301,N,N,c.301N>N,101,Glu,Gln,1,410544,RAD51D
869,N,N,c.869N>N,290,Arg,Gln,1,231338,RAD51D
329,N,N,c.329N>N,110,Gly,Asp,1,127887,RAD51D
70,N,N,c.70N>N,24,Arg,Gly,0,539853,RAD51D
358,N,N,c.358N>N,120,Met,Val,0,1718843,RAD51D
943,N,N,c.943N>N,315,Gly,Arg,0,185649,RAD51D
185,N,N,c.185N>N,62,Ser,Leu,1,185036,RAD51D
678,N,N,c.678N>N,226,Leu,Phe,1,3018128,RAD51D
899,N,N,c.899N>N,300,Arg,Leu,1,1692735,RAD51D
85,N,N,c.85N>N,29,Val,Met,0,492453,RAD51D
232,N,N,c.232N>N,78,Ser,Ala,1,584940,RAD51D
349,N,N,c.349N>N,117,Cys,Ser,1,184247,RAD51D
325,N,N,c.325N>N,109,Pro,Ser,0,933166,RAD51D
56,N,N,c.56N>N,19,Leu,Pro,1,482186,RAD51D
800,N,N,c.800N>N,267,Ser,Phe,1,419184,RAD51D
776,N,N,c.776N>N,259,Arg,Lys,0,641158,RAD51D
515,N,N,c.515N>N,172,Ala,Val,0,565779,RAD51D
