cDNA_pos,Mutation,Probability,Uncertainty_Std,Triage_Reason
8167,Asp2723His,0.9870,0.0128,Pathogenic Radar
8167,Asp2723His,0.9870,0.0128,Pathogenic Radar
8167,Asp2723His,0.9870,0.0128,Pathogenic Radar
8165,Thr2722Arg,0.9870,0.0128,Pathogenic Radar
7529,Leu2510Pro,0.9870,0.0128,Pathogenic Radar
3,Met1Ile,0.9870,0.0128,Pathogenic Radar
631,Val211Leu,0.5714,0.2449,High Uncertainty
7007,Arg2336His,0.9870,0.0128,Pathogenic Radar
8167,Asp2723His,0.9870,0.0128,Pathogenic Radar
8167,Asp2723His,0.9870,0.0128,Pathogenic Radar
8165,Thr2722Arg,0.9870,0.0128,Pathogenic Radar
6174,Ser2058Ter,1.0000,0.0010,Pathogenic Radar
7879,Ile2627Phe,0.9333,0.0622,High Uncertainty
8167,Asp2723His,0.9870,0.0128,Pathogenic Radar
8167,Asp2723His,0.9870,0.0128,Pathogenic Radar
8167,Asp2723His,0.9870,0.0128,Pathogenic Radar
6174,Ser2058Ter,1.0000,0.0010,Pathogenic Radar
6174,Ser2058Ter,1.0000,0.0010,Pathogenic Radar
6174,Ser2058Ter,1.0000,0.0010,Pathogenic Radar
8165,Thr2722Arg,0.9870,0.0128,Pathogenic Radar
7529,Leu2510Pro,0.9870,0.0128,Pathogenic Radar
3,Met1Ile,0.9870,0.0128,Pathogenic Radar
631,Val211Leu,0.5714,0.2449,High Uncertainty
7007,Arg2336His,0.9870,0.0128,Pathogenic Radar
8167,Asp2723His,0.9870,0.0128,Pathogenic Radar
8167,Asp2723His,0.9870,0.0128,Pathogenic Radar
8165,Thr2722Arg,0.9870,0.0128,Pathogenic Radar
6174,Ser2058Ter,1.0000,0.0010,Pathogenic Radar
7879,Ile2627Phe,0.9333,0.0622,High Uncertainty
8167,Asp2723His,0.9870,0.0128,Pathogenic Radar
8167,Asp2723His,0.9870,0.0128,Pathogenic Radar
8167,Asp2723His,0.9870,0.0128,Pathogenic Radar
6174,Ser2058Ter,1.0000,0.0010,Pathogenic Radar
6174,Ser2058Ter,1.0000,0.0010,Pathogenic Radar
6174,Ser2058Ter,1.0000,0.0010,Pathogenic Radar
8165,Thr2722Arg,0.9870,0.0128,Pathogenic Radar
7529,Leu2510Pro,0.9870,0.0128,Pathogenic Radar
3,Met1Ile,0.9870,0.0128,Pathogenic Radar
631,Val211Leu,0.5714,0.2449,High Uncertainty
7007,Arg2336His,0.9870,0.0128,Pathogenic Radar
8167,Asp2723His,0.9870,0.0128,Pathogenic Radar
8167,Asp2723His,0.9870,0.0128,Pathogenic Radar
8165,Thr2722Arg,0.9870,0.0128,Pathogenic Radar
6174,Ser2058Ter,1.0000,0.0010,Pathogenic Radar
7879,Ile2627Phe,0.9333,0.0622,High Uncertainty
8167,Asp2723His,0.9870,0.0128,Pathogenic Radar
8167,Asp2723His,0.9870,0.0128,Pathogenic Radar
8167,Asp2723His,0.9870,0.0128,Pathogenic Radar
6174,Ser2058Ter,1.0000,0.0010,Pathogenic Radar
6174,Ser2058Ter,1.0000,0.0010,Pathogenic Radar
6174,Ser2058Ter,1.0000,0.0010,Pathogenic Radar
8167,Asp2723His,0.9870,0.0128,Pathogenic Radar
8165,Thr2722Arg,0.9870,0.0128,Pathogenic Radar
6174,Ser2058Ter,1.0000,0.0010,Pathogenic Radar
7879,Ile2627Phe,0.9333,0.0622,High Uncertainty
8167,Asp2723His,0.9870,0.0128,Pathogenic Radar
8167,Asp2723His,0.9870,0.0128,Pathogenic Radar
8167,Asp2723His,0.9870,0.0128,Pathogenic Radar
6174,Ser2058Ter,1.0000,0.0010,Pathogenic Radar
6174,Ser2058Ter,1.0000,0.0010,Pathogenic Radar
6174,Ser2058Ter,1.0000,0.0010,Pathogenic Radar
8167,Asp2723His,0.9870,0.0128,Pathogenic Radar
8165,Ala2722Val,0.9870,0.0128,Pathogenic Radar
8165,Ala2722Val,0.9870,0.0128,Pathogenic Radar
8165,Ala2722Val,0.9870,0.0128,Pathogenic Radar
8165,Ala2722Val,0.9870,0.0128,Pathogenic Radar
8165,Ala2722Val,0.9870,0.0128,Pathogenic Radar
8165,Ala2722Val,0.9870,0.0128,Pathogenic Radar
8165,Ala2722Val,0.9870,0.0128,Pathogenic Radar
8165,Ala2722Val,0.9870,0.0128,Pathogenic Radar
8165,Ala2722Val,0.9870,0.0128,Pathogenic Radar
8165,Ala2722Val,0.9870,0.0128,Pathogenic Radar
8165,Ala2722Val,0.9870,0.0128,Pathogenic Radar
8165,Ala2722Val,0.9870,0.0128,Pathogenic Radar
8165,Ala2722Val,0.9870,0.0128,Pathogenic Radar
8165,Ala2722Val,0.9870,0.0128,Pathogenic Radar
8165,Ala2722Val,0.9870,0.0128,Pathogenic Radar
8165,Ala2722Val,0.9870,0.0128,Pathogenic Radar
8165,Ala2722Val,0.9870,0.0128,Pathogenic Radar
8167,Asp2723His,0.9870,0.0128,Pathogenic Radar
8167,Asp2723His,0.9870,0.0128,Pathogenic Radar
8168,Asp2723His,0.9870,0.0128,Pathogenic Radar
8162,Asp2721His,0.9333,0.0622,High Uncertainty
8162,Asp2721His,0.9333,0.0622,High Uncertainty
8164,Asp2722His,0.9870,0.0128,Pathogenic Radar
8165,Asp2722His,0.9870,0.0128,Pathogenic Radar
8167,Asp2723His,0.9870,0.0128,Pathogenic Radar
8167,Asp2723His,0.9870,0.0128,Pathogenic Radar
8168,Asp2723His,0.9870,0.0128,Pathogenic Radar
8168,Asp2723His,0.9870,0.0128,Pathogenic Radar
8169,Asp2723His,0.9870,0.0128,Pathogenic Radar
8170,Asp2724His,0.9870,0.0128,Pathogenic Radar
8170,Asp2724His,0.9870,0.0128,Pathogenic Radar
8171,Asp2724His,0.9870,0.0128,Pathogenic Radar
8174,Asp2725His,0.9870,0.0128,Pathogenic Radar
8167,Asp2723His,0.9870,0.0128,Pathogenic Radar
8167,Asp2723His,0.9870,0.0128,Pathogenic Radar
1,Met1Val,0.9870,0.0128,Pathogenic Radar
8167,Asp2723His,0.9870,0.0128,Pathogenic Radar
8167,Asp2723His,0.9870,0.0128,Pathogenic Radar
8167,Asp2723His,0.9870,0.0128,Pathogenic Radar
1,Met1Val,0.9870,0.0128,Pathogenic Radar
8165,Thr2722Arg,0.9870,0.0128,Pathogenic Radar
7529,Leu2510Pro,0.9870,0.0128,Pathogenic Radar
3,Met1Ile,0.9870,0.0128,Pathogenic Radar
631,Val211Leu,0.5714,0.2449,High Uncertainty
7007,Arg2336His,0.9870,0.0128,Pathogenic Radar
8165,Thr2722Arg,0.9870,0.0128,Pathogenic Radar
7529,Leu2510Pro,0.9870,0.0128,Pathogenic Radar
3,Met1Ile,0.9870,0.0128,Pathogenic Radar
631,Val211Leu,0.5714,0.2449,High Uncertainty
7007,Arg2336His,0.9870,0.0128,Pathogenic Radar
8167,Asp2723His,0.9870,0.0128,Pathogenic Radar
8167,Asp2723His,0.9870,0.0128,Pathogenic Radar
8165,Thr2722Arg,0.9870,0.0128,Pathogenic Radar
6174,Ser2058Ter,1.0000,0.0010,Pathogenic Radar
7879,Ile2627Phe,0.9333,0.0622,High Uncertainty
8167,Asp2723His,0.9870,0.0128,Pathogenic Radar
8167,Asp2723His,0.9870,0.0128,Pathogenic Radar
8167,Asp2723His,0.9870,0.0128,Pathogenic Radar
6174,Ser2058Ter,1.0000,0.0010,Pathogenic Radar
6174,Ser2058Ter,1.0000,0.0010,Pathogenic Radar
6174,Ser2058Ter,1.0000,0.0010,Pathogenic Radar
8167,Asp2723His,0.9870,0.0128,Pathogenic Radar
8167,Asp2723His,0.9870,0.0128,Pathogenic Radar
1,Met1Val,0.9870,0.0128,Pathogenic Radar
8167,Asp2723His,0.9870,0.0128,Pathogenic Radar
8167,Asp2723His,0.9870,0.0128,Pathogenic Radar
8167,Asp2723His,0.9870,0.0128,Pathogenic Radar
8167,Asp2723His,0.9870,0.0128,Pathogenic Radar
8167,Asp2723His,0.9351,High Confidence,Predicted Pathogenic
8167,Asp2723His,0.9351,High Confidence,Predicted Pathogenic
8167,Asp2723His,0.9351,High Confidence,Predicted Pathogenic
8167,Thr2723Arg,0.9884,High Confidence,Predicted Pathogenic
8167,Thr2723Arg,0.9884,High Confidence,Predicted Pathogenic
8167,Thr2723Arg,0.9884,High Confidence,Predicted Pathogenic
8167,Thr2723Arg,0.9884,High Confidence,Predicted Pathogenic
8167,Thr2723Arg,0.9884,High Confidence,Predicted Pathogenic
8167,Asp2723His,0.9351,High Confidence,Predicted Pathogenic
8167,Asp2723His,0.9351,High Confidence,Predicted Pathogenic
8165,Thr2722Arg,0.9922,High Confidence,Predicted Pathogenic
8165,Thr2722Arg,0.9922,High Confidence,Predicted Pathogenic
8165,Thr2722Arg,0.9922,High Confidence,Predicted Pathogenic
8165,Thr2722Arg,0.9922,High Confidence,Predicted Pathogenic
8165,Thr2722Arg,0.9922,High Confidence,Predicted Pathogenic
8165,Thr2722Arg,0.9922,High Confidence,Predicted Pathogenic
8165,Thr2722Arg,0.9922,High Confidence,Predicted Pathogenic
8165,Thr2722Arg,0.9922,High Confidence,Predicted Pathogenic
8165,Thr2722Arg,0.9922,High Confidence,Predicted Pathogenic
8165,Thr2722Arg,0.9922,High Confidence,Predicted Pathogenic
8165,Thr2722Arg,0.9922,High Confidence,Predicted Pathogenic
8165,Thr2722Arg,0.9922,High Confidence,Predicted Pathogenic
8165,Thr2722Arg,0.9922,High Confidence,Predicted Pathogenic
8165,Thr2722Arg,0.9922,High Confidence,Predicted Pathogenic
8165,Thr2722Arg,0.9922,High Confidence,Predicted Pathogenic
8167,Asp2723His,0.9351,High Confidence,Predicted Pathogenic
8165,Thr2722Arg,0.9884,High Confidence,Predicted Pathogenic
7529,Leu2510Pro,0.9789,High Confidence,Predicted Pathogenic
3,Met1Ile,0.9351,High Confidence,Predicted Pathogenic
8167,Asp2723His,0.9293,High Confidence,Predicted Pathogenic
8167,Asp2723His,0.9351,High Confidence,Predicted Pathogenic
8167,Asp2723His,0.9351,High Confidence,Predicted Pathogenic
100,Ala34Cys,1.0000,High Confidence,Predicted Pathogenic
123,Ala41Val,1.0000,High Confidence,Predicted Pathogenic
123,Ala41Val,1.0000,High Confidence,Predicted Pathogenic
123,Ala41Val,1.0000,High Confidence,Predicted Pathogenic
123,Ala41Val,1.0000,High Confidence,Predicted Pathogenic
123,Ala41Val,1.0000,High Confidence,Predicted Pathogenic
123,Ala41Val,1.0000,High Confidence,Predicted Pathogenic
123,Ala41Val,1.0000,High Confidence,Predicted Pathogenic
123,Ala41Val,1.0000,High Confidence,Predicted Pathogenic
123,Ala41Val,1.0000,High Confidence,Predicted Pathogenic
123,Ala41Val,1.0000,High Confidence,Predicted Pathogenic
123,Ala41Val,1.0000,High Confidence,Predicted Pathogenic
123,Ala41Val,1.0000,High Confidence,Predicted Pathogenic
8167,Asp2723His,1.0000,High Confidence,Predicted Pathogenic
500,Asp167His,1.0000,High Confidence,Predicted Pathogenic
500,Asp167His,1.0000,High Confidence,Predicted Pathogenic
500,Asp167His,1.0000,High Confidence,Predicted Pathogenic
500,Asp167His,1.0000,High Confidence,Predicted Pathogenic
100,Ala34Cys,1.0000,High Confidence,Predicted Pathogenic
100,Ala34Cys,1.0000,High Confidence,Predicted Pathogenic
100,Ala34Cys,1.0000,High Confidence,Predicted Pathogenic
100,Ala34Cys,1.0000,High Confidence,Predicted Pathogenic
100,Ala34Cys,1.0000,High Confidence,Predicted Pathogenic
100,Ala34Cys,1.0000,High Confidence,Predicted Pathogenic
100,Ala34Cys,1.0000,High Confidence,Predicted Pathogenic
4500,Ala1500Cys,1.0000,High Confidence,Predicted Pathogenic
15000,Ala5000Cys,1.0000,High Confidence,Predicted Pathogenic
8167,Asp2723His,1.0000,High Confidence,Predicted Pathogenic
120,Cys40Tyr,1.0000,High Confidence,Predicted Pathogenic
120,Cys40Tyr,1.0000,High Confidence,Predicted Pathogenic
120,Cys40Tyr,1.0000,High Confidence,Predicted Pathogenic
120,Cys40Tyr,1.0000,High Confidence,Predicted Pathogenic
8165,Thr2722Arg,1.0000,High Confidence,Predicted Pathogenic
7529,Leu2510Pro,1.0000,High Confidence,Predicted Pathogenic
3,Met1Ile,1.0000,High Confidence,Predicted Pathogenic
631,Val211Leu,1.0000,High Confidence,Predicted Pathogenic
7007,Arg2336His,1.0000,High Confidence,Predicted Pathogenic
1114,Asn372His,1.0000,High Confidence,Predicted Pathogenic
8732,Ala2911Glu,1.0000,High Confidence,Predicted Pathogenic
10024,Glu3342Lys,1.0000,High Confidence,Predicted Pathogenic
10045,Thr3349Ala,1.0000,High Confidence,Predicted Pathogenic
10111,Thr3371Ala,1.0000,High Confidence,Predicted Pathogenic
8167,Asp2723His,1.0000,High Confidence,Predicted Pathogenic
7448,Ser2483Asn,1.0000,High Confidence,Predicted Pathogenic
100,Ala34Val,1.0000,High Confidence,Predicted Pathogenic
8167,Asp2723His,1.0000,High Confidence,Predicted Pathogenic
8524,Arg2842Cys,1.0000,High Confidence,Predicted Pathogenic
8165,Thr2722Arg,1.0000,High Confidence,Predicted Pathogenic
8308,Ala2770Thr,1.0000,High Confidence,Predicted Pathogenic
1114,Asn372His,1.0000,High Confidence,Predicted Pathogenic
7397,Val2466Ala,1.0000,High Confidence,Predicted Pathogenic
6174,Ser2058Ter,1.0000,High Confidence,Predicted Pathogenic
9103,Tyr3035Ser,1.0000,High Confidence,Predicted Pathogenic
9283,Asp3095Glu,1.0000,High Confidence,Predicted Pathogenic
7879,Ile2627Phe,1.0000,High Confidence,Predicted Pathogenic
8167,Asp2723His,1.0000,High Confidence,Predicted Pathogenic
8167,Asp2723His,1.0000,High Confidence,Predicted Pathogenic
8167,Asp2723His,1.0000,High Confidence,Predicted Pathogenic
1114,Asn372His,1.0000,High Confidence,Predicted Pathogenic
1114,Asn372His,1.0000,High Confidence,Predicted Pathogenic
1114,Asn372His,1.0000,High Confidence,Predicted Pathogenic
6174,Ser2058Ter,1.0000,High Confidence,Predicted Pathogenic
6174,Ser2058Ter,1.0000,High Confidence,Predicted Pathogenic
6174,Ser2058Ter,1.0000,High Confidence,Predicted Pathogenic
8165,Thr2722Arg,1.0000,High Confidence,Predicted Pathogenic
8165,Thr2722Arg,1.0000,High Confidence,Predicted Pathogenic
8165,Thr2722Arg,1.0000,High Confidence,Predicted Pathogenic
8165,Thr2722Arg,1.0000,High Confidence,Predicted Pathogenic
8165,Thr2722Arg,1.0000,High Confidence,Predicted Pathogenic
8165,Thr2722Arg,1.0000,High Confidence,Predicted Pathogenic
8165,Thr2722Arg,1.0000,High Confidence,Predicted Pathogenic
8165,Thr2722Arg,1.0000,High Confidence,Predicted Pathogenic
8165,Thr2722Arg,1.0000,High Confidence,Predicted Pathogenic
8165,Thr2722Arg,1.0000,High Confidence,Predicted Pathogenic
8165,Thr2722Arg,1.0000,High Confidence,Predicted Pathogenic
8165,Thr2722Arg,1.0000,High Confidence,Predicted Pathogenic
8165,Thr2722Arg,1.0000,High Confidence,Predicted Pathogenic
8165,Thr2722Arg,1.0000,High Confidence,Predicted Pathogenic
8165,Thr2722Arg,1.0000,High Confidence,Predicted Pathogenic
8167,Asp2723His,1.0000,High Confidence,Predicted Pathogenic
8165,Thr2722Arg,1.0000,High Confidence,Predicted Pathogenic
8165,Thr2722Arg,1.0000,High Confidence,Predicted Pathogenic
8165,Thr2722Arg,1.0000,High Confidence,Predicted Pathogenic
8165,Thr2722Arg,1.0000,High Confidence,Predicted Pathogenic
8165,Thr2722Arg,1.0000,High Confidence,Predicted Pathogenic
8165,Thr2722Arg,1.0000,High Confidence,Predicted Pathogenic
8165,Thr2722Arg,1.0000,High Confidence,Predicted Pathogenic
8165,Thr2722Arg,1.0000,High Confidence,Predicted Pathogenic
8165,Thr2722Arg,1.0000,High Confidence,Predicted Pathogenic
8165,Thr2722Arg,1.0000,High Confidence,Predicted Pathogenic
8165,Thr2722Arg,1.0000,High Confidence,Predicted Pathogenic
8165,Thr2722Arg,1.0000,High Confidence,Predicted Pathogenic
8165,Thr2722Arg,1.0000,High Confidence,Predicted Pathogenic
8165,Thr2722Arg,1.0000,High Confidence,Predicted Pathogenic
8165,Thr2722Arg,1.0000,High Confidence,Predicted Pathogenic
8165,Thr2722Arg,1.0000,High Confidence,Predicted Pathogenic
8165,Thr2722Arg,1.0000,High Confidence,Predicted Pathogenic
8165,Thr2722Arg,1.0000,High Confidence,Predicted Pathogenic
8165,Thr2722Arg,1.0000,High Confidence,Predicted Pathogenic
8165,Thr2722Arg,1.0000,High Confidence,Predicted Pathogenic
8165,Thr2722Arg,1.0000,High Confidence,Predicted Pathogenic
8165,Thr2722Arg,1.0000,High Confidence,Predicted Pathogenic
8165,Thr2722Arg,1.0000,High Confidence,Predicted Pathogenic
8165,Thr2722Arg,1.0000,High Confidence,Predicted Pathogenic
8165,Thr2722Arg,1.0000,High Confidence,Predicted Pathogenic
8165,Thr2722Arg,1.0000,High Confidence,Predicted Pathogenic
8165,Thr2722Arg,1.0000,High Confidence,Predicted Pathogenic
8165,Thr2722Arg,1.0000,High Confidence,Predicted Pathogenic
8165,Thr2722Arg,1.0000,High Confidence,Predicted Pathogenic
8165,Thr2722Arg,1.0000,High Confidence,Predicted Pathogenic
8165,Thr2722Arg,1.0000,High Confidence,Predicted Pathogenic
8165,Thr2722Arg,1.0000,High Confidence,Predicted Pathogenic
8165,Thr2722Arg,1.0000,High Confidence,Predicted Pathogenic
8165,Thr2722Arg,1.0000,High Confidence,Predicted Pathogenic
8165,Thr2722Arg,1.0000,High Confidence,Predicted Pathogenic
8165,Thr2722Arg,1.0000,High Confidence,Predicted Pathogenic
8165,Thr2722Arg,1.0000,High Confidence,Predicted Pathogenic
8165,Thr2722Arg,1.0000,High Confidence,Predicted Pathogenic
8165,Thr2722Arg,1.0000,High Confidence,Predicted Pathogenic
8165,Thr2722Arg,1.0000,High Confidence,Predicted Pathogenic
8165,Thr2722Arg,1.0000,High Confidence,Predicted Pathogenic
8165,Thr2722Arg,1.0000,High Confidence,Predicted Pathogenic
8165,Thr2722Arg,1.0000,High Confidence,Predicted Pathogenic
8165,Thr2722Arg,1.0000,High Confidence,Predicted Pathogenic
8165,Thr2722Arg,1.0000,High Confidence,Predicted Pathogenic
8167,Asp2723His,1.0000,High Confidence,Predicted Pathogenic
8167,Asp2723His,1.0000,High Confidence,Predicted Pathogenic
8167,Asp2723His,1.0000,High Confidence,Predicted Pathogenic
8167,Asp2723His,1.0000,High Confidence,Predicted Pathogenic
8167,Asp2723His,1.0000,High Confidence,Predicted Pathogenic
8167,Gly2723His,1.0000,High Confidence,Predicted Pathogenic
1500,Ala500Ter,1.0000,High Confidence,Predicted Pathogenic
8167,Asp2723His,0.9950,High Confidence,Predicted Pathogenic
8167,Asp2723His,0.9950,High Confidence,Predicted Pathogenic
8167,Asp2723His,0.9950,High Confidence,Predicted Pathogenic
8167,Asp2723His,0.9950,High Confidence,Predicted Pathogenic
8167,Asp2723His,0.9950,High Confidence,Predicted Pathogenic
8167,Asp2723His,0.9950,High Confidence,Predicted Pathogenic
8167,Asp2723His,0.9950,High Confidence,Predicted Pathogenic
5558,Asp1853His,0.9947,High Confidence,Predicted Pathogenic
8167,Asp2723His,0.9950,High Confidence,Predicted Pathogenic
5237,Ala1746Val,0.9993,High Confidence,Predicted Pathogenic
8167,Asp2723His,0.9950,High Confidence,Predicted Pathogenic
8167,Asp2723His,0.9950,High Confidence,Predicted Pathogenic
8167,Asp2723His,0.9950,High Confidence,Predicted Pathogenic
8167,Asp2723His,0.9950,High Confidence,Predicted Pathogenic
8167,Asp2723His,0.9950,High Confidence,Predicted Pathogenic
8176,Asp2726His,0.9955,High Confidence,Predicted Pathogenic
8167,Asp2723His,0.9950,High Confidence,Predicted Pathogenic
8167,Asp2723His,0.9950,High Confidence,Predicted Pathogenic
8167,Asp2723His,0.9950,High Confidence,Predicted Pathogenic
8167,Asp2723His,0.9950,High Confidence,Predicted Pathogenic
8167,Asp2723His,0.9950,High Confidence,Predicted Pathogenic
8167,Asp2723His,0.9950,High Confidence,Predicted Pathogenic
8167,Asp2723His,0.9950,High Confidence,Predicted Pathogenic
1154,Asp385His,0.7392,Moderate Confidence,Predicted Pathogenic
1125,Asp375His,0.7286,Moderate Confidence,Predicted Pathogenic
690,Asp230His,0.6734,Low Confidence,Low Confidence
1190,Asp397His,0.7719,Moderate Confidence,Predicted Pathogenic
9900,Asp3300His,0.9959,High Confidence,Predicted Pathogenic
8167,Asp2723His,0.9950,High Confidence,Predicted Pathogenic
8167,Asp2723His,0.9950,High Confidence,Predicted Pathogenic
8167,Asp2723His,0.9950,High Confidence,Predicted Pathogenic
774,Asp258His,0.2188,Moderate Confidence,Predicted Pathogenic
8167,Asp2723His,0.9950,High Confidence,Predicted Pathogenic
567,Asp189His,0.3073,Low Confidence,Low Confidence
567,Asp189His,0.5835,Low Confidence,Low Confidence
567,Asp189His,0.6301,Low Confidence,Low Confidence
567,Asp189His,0.3229,Low Confidence,Low Confidence
567,Asp189His,0.3229,Low Confidence,Low Confidence
900,Asp300His,0.3839,Low Confidence,Low Confidence
900,Asp300His,0.6257,Low Confidence,Low Confidence
5189,Asp1730His,0.9814,High Confidence,Predicted Pathogenic
8167,Asp2723His,0.9950,High Confidence,Predicted Pathogenic
8167,Asp2723His,0.9950,High Confidence,Predicted Pathogenic
8167,Asp2723His,0.9950,High Confidence,Predicted Pathogenic
1189,Ala397Val,0.9845,High Confidence,Predicted Pathogenic
8167,Asp2723His,0.9950,High Confidence,Predicted Pathogenic
889,Asp297His,0.5530,Low Confidence,Low Confidence
