clinvar_id,variant,aa_ref,aa_pos,aa_alt,steppedna_prob,classification,novel
38141,Asp2723Gly,Asp,2723,Gly,0.9655626773834228,Likely Pathogenic,False
52516,Asp2723Ala,Asp,2723,Ala,0.9523273825645446,Likely Pathogenic,False
52517,Gly2724Val,Gly,2724,Val,0.9010849595069885,Likely Pathogenic,False
52763,Arg3052Trp,Arg,3052,Trp,0.8934384942054748,Likely Pathogenic,False
9340,Thr2722Arg,Thr,2722,Arg,0.8934384942054748,Likely Pathogenic,False
52458,Tyr2660Asp,Tyr,2660,Asp,0.8684384942054748,Likely Pathogenic,False
52443,Leu2647Pro,Leu,2647,Pro,0.8328282952308654,Likely Pathogenic,False
52515,Asp2723His,Asp,2723,His,0.8201999425888061,Likely Pathogenic,False
52520,Tyr2726Cys,Tyr,2726,Cys,0.8032869815826416,Likely Pathogenic,False
38130,Arg2659Gly,Arg,2659,Gly,0.8023702740669251,Likely Pathogenic,False
38137,Leu2688Pro,Leu,2688,Pro,0.7688900232315063,Possibly Pathogenic,False
52447,Leu2653Pro,Leu,2653,Pro,0.7398990035057068,Possibly Pathogenic,False
52535,Gly2748Asp,Gly,2748,Asp,0.7253944754600525,Possibly Pathogenic,False
52780,Gly3076Glu,Gly,3076,Glu,0.682973051071167,Possibly Pathogenic,False
38202,Tyr3006Asp,Tyr,3006,Asp,0.6722874581813812,Possibly Pathogenic,False
52400,Gly2585Arg,Gly,2585,Arg,0.6557161033153533,Possibly Pathogenic,False
52489,Leu2686Pro,Leu,2686,Pro,0.6453502178192139,Possibly Pathogenic,False
91495,Trp2619Ser,Trp,2619,Ser,0.6399970829486847,Possibly Pathogenic,False
38123,His2623Arg,His,2623,Arg,0.6270579189062119,Possibly Pathogenic,False
91492,Gly2596Arg,Gly,2596,Arg,0.612767881155014,Possibly Pathogenic,False
52569,Gly2793Arg,Gly,2793,Arg,0.5746412217617035,Uncertain (Remains VUS),False
52563,Trp2788Arg,Trp,2788,Arg,0.5454545497894288,Uncertain (Remains VUS),False
52513,Leu2721His,Leu,2721,His,0.5235681027173996,Uncertain (Remains VUS),False
38158,Gly2793Val,Gly,2793,Val,0.5043074250221252,Uncertain (Remains VUS),False
38201,Glu3002Lys,Glu,3002,Lys,0.49759061336517335,Uncertain (Remains VUS),False
38157,Gly2793Glu,Gly,2793,Glu,0.4957165837287903,Uncertain (Remains VUS),False
52430,Ile2627Phe,Ile,2627,Phe,0.4924242466688156,Uncertain (Remains VUS),False
52461,Glu2663Lys,Glu,2663,Lys,0.47652125358581543,Uncertain (Remains VUS),False
52471,Ser2670Leu,Ser,2670,Leu,0.47576149106025695,Uncertain (Remains VUS),False
52805,Asp3095Glu,Asp,3095,Glu,0.45410563349723815,Uncertain (Remains VUS),False
9345,Leu2510Pro,Leu,2510,Pro,0.4310425043106079,Uncertain (Remains VUS),False
52422,Thr2607Pro,Thr,2607,Pro,0.4110104411840439,Uncertain (Remains VUS),False
52448,Leu2654Pro,Leu,2654,Pro,0.4090909093618393,Uncertain (Remains VUS),False
38150,Pro2767Arg,Pro,2767,Arg,0.3895334780216217,Uncertain (Remains VUS),False
52779,Asp3073Gly,Asp,3073,Gly,0.3611073616892099,Uncertain (Remains VUS),False
38233,Asn3124Ile,Asn,3124,Ile,0.3553438514471054,Uncertain (Remains VUS),False
52565,Trp2788Ser,Trp,2788,Ser,0.3424242436885834,Uncertain (Remains VUS),False
52561,Ala2786Pro,Ala,2786,Pro,0.32575757801532745,Uncertain (Remains VUS),False
38230,Leu3101Arg,Leu,3101,Arg,0.32575757801532745,Uncertain (Remains VUS),False
52491,Val2687Phe,Val,2687,Phe,0.32575757801532745,Uncertain (Remains VUS),False
52568,Leu2792Pro,Leu,2792,Pro,0.32575757801532745,Uncertain (Remains VUS),False
52497,Ser2691Phe,Ser,2691,Phe,0.29909090995788573,Uncertain (Remains VUS),False
38247,Leu3180Pro,Leu,3180,Pro,0.2924242436885834,Uncertain (Remains VUS),False
51385,Met1Arg,Met,1,Arg,0.2837522357702255,Uncertain (Remains VUS),False
52823,Leu3125His,Leu,3125,His,0.26575757563114166,Uncertain (Remains VUS),False
51579,Met1Ile,Met,1,Ile,0.2636308938264847,Uncertain (Remains VUS),False
52778,Val3072Glu,Val,3072,Glu,0.26061762692406776,Uncertain (Remains VUS),False
52775,Trp31Arg,Trp,31,Arg,0.0742539924569428,Likely Benign,False
52830,Trp31Cys,Trp,31,Cys,0.0742539924569428,Likely Benign,False
52318,Gly25Arg,Gly,25,Arg,0.0742539924569428,Likely Benign,False
38155,Arg2784Trp,Arg,2784,Trp,0.0742539924569428,Likely Benign,False
52570,Phe2794Leu,Phe,2794,Leu,0.014026717562228442,Likely Benign,False
91429,Ala199Thr,Ala,199,Thr,0.014026717562228442,Likely Benign,False
37971,Leu184Pro,Leu,184,Pro,0.014026717562228442,Likely Benign,False
91437,Thr203Asn,Thr,203,Asn,0.014026717562228442,Likely Benign,False
52577,Pro2800Arg,Pro,2800,Arg,0.014026717562228442,Likely Benign,False
91748,Ala39Val,Ala,39,Val,0.014026717562228442,Likely Benign,False
52586,Gly2812Glu,Gly,2812,Glu,0.014026717562228442,Likely Benign,False
52578,Leu2805Ser,Leu,2805,Ser,0.014026717562228442,Likely Benign,False
91733,Asp2900Val,Asp,2900,Val,0.014026717562228442,Likely Benign,False
52777,Glu3071Asp,Glu,3071,Asp,0.014026717562228442,Likely Benign,False
91498,Ala2643Val,Ala,2643,Val,0.014026717562228442,Likely Benign,False
52732,Leu3011Pro,Leu,3011,Pro,0.014026717562228442,Likely Benign,False
52725,Glu3002Asp,Glu,3002,Asp,0.014026717562228442,Likely Benign,False
52700,Leu2972Trp,Leu,2972,Trp,0.014026717562228442,Likely Benign,False
91509,Leu2792Phe,Leu,2792,Phe,0.014026717562228442,Likely Benign,False
52678,Gln2925His,Gln,2925,His,0.014026717562228442,Likely Benign,False
52677,Gln2925Arg,Gln,2925,Arg,0.014026717562228442,Likely Benign,False
52662,Val2908Gly,Val,2908,Gly,0.014026717562228442,Likely Benign,False
38114,Phe2562Leu,Phe,2562,Leu,0.014026717562228442,Likely Benign,False
38125,Trp2626Cys,Trp,2626,Cys,0.014026717562228442,Likely Benign,False
38151,Ala2770Asp,Ala,2770,Asp,0.014026717562228442,Likely Benign,False
38131,Arg2659Lys,Arg,2659,Lys,0.014026717562228442,Likely Benign,False
52616,Glu2847Lys,Glu,2847,Lys,0.014026717562228442,Likely Benign,False
38134,Asp2665Gly,Asp,2665,Gly,0.014026717562228442,Likely Benign,False
52610,Arg2842Cys,Arg,2842,Cys,0.014026717562228442,Likely Benign,False
52799,Tyr3092Ser,Tyr,3092,Ser,0.014026717562228442,Likely Benign,False
52589,Gly2813Glu,Gly,2813,Glu,0.014026717562228442,Likely Benign,False
37986,Asp189Gly,Asp,189,Gly,0.014026717562228442,Likely Benign,False
52851,Phe32Leu,Phe,32,Leu,0.014026717562228442,Likely Benign,False
52480,Asp2679Tyr,Asp,2679,Tyr,0.014026717562228442,Likely Benign,False
37835,Gln1107His,Gln,1107,His,0.014026717562228442,Likely Benign,False
51930,Met192Thr,Met,192,Thr,0.014026717562228442,Likely Benign,False
37815,Thr1011Arg,Thr,1011,Arg,0.014026717562228442,Likely Benign,False
52290,Phe2406Leu,Phe,2406,Leu,0.014026717562228442,Likely Benign,False
52216,Phe2293Leu,Phe,2293,Leu,0.014026717562228442,Likely Benign,False
52185,Asp23Tyr,Asp,23,Tyr,0.014026717562228442,Likely Benign,False
52159,Ala2233Asp,Ala,2233,Asp,0.014026717562228442,Likely Benign,False
52040,Val208Gly,Val,208,Gly,0.014026717562228442,Likely Benign,False
52028,Thr207Ala,Thr,207,Ala,0.014026717562228442,Likely Benign,False
51959,Ser196Ile,Ser,196,Ile,0.014026717562228442,Likely Benign,False
51958,Ser196Asn,Ser,196,Asn,0.014026717562228442,Likely Benign,False
51921,Asp191Val,Asp,191,Val,0.014026717562228442,Likely Benign,False
38211,Tyr3035Ser,Tyr,3035,Ser,0.014026717562228442,Likely Benign,False
51853,Ile180Thr,Ile,180,Thr,0.014026717562228442,Likely Benign,False
51757,Pro168Thr,Pro,168,Thr,0.014026717562228442,Likely Benign,False
51263,Ser76Pro,Ser,76,Pro,0.014026717562228442,Likely Benign,False
51676,Phe1524Val,Phe,1524,Val,0.014026717562228442,Likely Benign,False
51280,Phe81Leu,Phe,81,Leu,0.014026717562228442,Likely Benign,False
37719,Thr3349Ala,Thr,3349,Ala,0.014026717562228442,Likely Benign,False
51500,Phe1219Leu,Phe,1219,Leu,0.014026717562228442,Likely Benign,False
96803,Asp1386Val,Asp,1386,Val,0.014026717562228442,Likely Benign,False
51398,Phe1031Ser,Phe,1031,Ser,0.014026717562228442,Likely Benign,False
38219,Phe3065Leu,Phe,3065,Leu,0.014026717562228442,Likely Benign,False
52303,Leu24Phe,Leu,24,Phe,0.014026717562228442,Likely Benign,False
52423,Gly2609Asp,Gly,2609,Asp,0.014026717562228442,Likely Benign,False
37785,Phe81Ile,Phe,81,Ile,0.014026717562228442,Likely Benign,False
52455,Arg2659Thr,Arg,2659,Thr,0.014026717562228442,Likely Benign,False
52450,Gln2655Arg,Gln,2655,Arg,0.014026717562228442,Likely Benign,False
52481,Asp2679Gly,Asp,2679,Gly,0.014026717562228442,Likely Benign,False
52434,Pro2639Ala,Pro,2639,Ala,0.014026717562228442,Likely Benign,False
52424,Asp2611Gly,Asp,2611,Gly,0.014026717562228442,Likely Benign,False
52337,Arg2488Ser,Arg,2488,Ser,0.014026717562228442,Likely Benign,False
38180,Gly2901Asp,Gly,2901,Asp,0.014026717562228442,Likely Benign,False
52406,Pro2589His,Pro,2589,His,0.014026717562228442,Likely Benign,False
52398,Gly2584Asp,Gly,2584,Asp,0.014026717562228442,Likely Benign,False
37780,Thr77Ala,Thr,77,Ala,0.014026717562228442,Likely Benign,False
52397,Leu2581Trp,Leu,2581,Trp,0.014026717562228442,Likely Benign,False
52373,Gly2544Asp,Gly,2544,Asp,0.014026717562228442,Likely Benign,False
52482,Asp2680Gly,Asp,2680,Gly,0.014026717562228442,Likely Benign,False
37910,Gly1529Arg,Gly,1529,Arg,0.014026717562228442,Likely Benign,False
91774,Pro78Ser,Pro,78,Ser,0.014026717562228442,Likely Benign,False
91827,Ser163Arg,Ser,163,Arg,0.014026717562228442,Likely Benign,False
52342,Ile2495Thr,Ile,2495,Thr,0.014026717562228442,Likely Benign,False
52462,Glu2663Val,Glu,2663,Val,0.014026717562228442,Likely Benign,False
38009,Ser1979Arg,Ser,1979,Arg,0.0125,Likely Benign,False
38203,Arg3007Gly,Arg,3007,Gly,0.0125,Likely Benign,False
51448,Thr1104Pro,Thr,1104,Pro,0.0125,Likely Benign,False
51189,Phe590Cys,Phe,590,Cys,0.0125,Likely Benign,False
52220,Asp2312Val,Asp,2312,Val,0.0125,Likely Benign,False
52231,Pro2329Leu,Pro,2329,Leu,0.0125,Likely Benign,False
38107,Pro2532Ser,Pro,2532,Ser,0.0125,Likely Benign,False
37914,Phe1546Ser,Phe,1546,Ser,0.0125,Likely Benign,False
51450,Ala1109Val,Ala,1109,Val,0.0125,Likely Benign,False
91472,Pro2408Ser,Pro,2408,Ser,0.0125,Likely Benign,False
91491,Gly2578Glu,Gly,2578,Glu,0.0125,Likely Benign,False
52572,Pro2798Leu,Pro,2798,Leu,0.011526717711240054,Likely Benign,False
38161,Gln2829Arg,Gln,2829,Arg,0.011526717711240054,Likely Benign,False
52559,Arg2784Gln,Arg,2784,Gln,0.011526717711240054,Likely Benign,False
52488,Leu2686Phe,Leu,2686,Phe,0.011526717711240054,Likely Benign,False
52478,Arg2678Gly,Arg,2678,Gly,0.011526717711240054,Likely Benign,False
52475,Ile2675Val,Ile,2675,Val,0.011526717711240054,Likely Benign,False
51228,Thr64Ile,Thr,64,Ile,0.011526717711240054,Likely Benign,False
91806,Ala1237Pro,Ala,1237,Pro,0.011526717711240054,Likely Benign,False
52611,Arg2842His,Arg,2842,His,0.011526717711240054,Likely Benign,False
51258,Ala75Pro,Ala,75,Pro,0.011526717711240054,Likely Benign,False
52682,Leu2936Phe,Leu,2936,Phe,0.011526717711240054,Likely Benign,False
52702,Arg2973Gly,Arg,2973,Gly,0.011526717711240054,Likely Benign,False
91496,Asn2622Ser,Asn,2622,Ser,0.011526717711240054,Likely Benign,False
52905,Pro3280Ser,Pro,3280,Ser,0.011526717711240054,Likely Benign,False
38160,Ile2822Phe,Ile,2822,Phe,0.011526717711240054,Likely Benign,False
38111,Leu2540Met,Leu,2540,Met,0.010000000149011612,Likely Benign,False
51501,Ser1221Pro,Ser,1221,Pro,0.010000000149011612,Likely Benign,False
91489,Ser2554Asn,Ser,2554,Asn,0.010000000149011612,Likely Benign,False
52583,Ser2810Arg,Ser,2810,Arg,0.010000000149011612,Likely Benign,False
52341,Arg2494Gln,Arg,2494,Gln,0.010000000149011612,Likely Benign,False
52225,Arg2318Gln,Arg,2318,Gln,0.010000000149011612,Likely Benign,False
52024,Phe2058Ile,Phe,2058,Ile,0.010000000149011612,Likely Benign,False
52595,Ile2821Thr,Ile,2821,Thr,0.009526717383414507,Likely Benign,False
38217,Arg3052Gln,Arg,3052,Gln,0.009526717383414507,Likely Benign,False
91536,Ile3286Asn,Ile,3286,Asn,0.009526717383414507,Likely Benign,False
51674,Thr152Lys,Thr,152,Lys,0.009526717383414507,Likely Benign,False
52696,Asp2965His,Asp,2965,His,0.009526717383414507,Likely Benign,False
91735,Leu2936Ser,Leu,2936,Ser,0.009526717383414507,Likely Benign,False
52522,Ala2730Val,Ala,2730,Val,0.009526717383414507,Likely Benign,False
91500,Ile2693Lys,Ile,2693,Lys,0.00945837628096342,Likely Benign,False
91466,Arg2319Ser,Arg,2319,Ser,0.007999999821186066,Likely Benign,False
91494,Thr2607Ala,Thr,2607,Ala,0.007999999821186066,Likely Benign,False
52336,Arg2488Lys,Arg,2488,Lys,0.007999999821186066,Likely Benign,False
51455,Ser1123Gly,Ser,1123,Gly,0.007999999821186066,Likely Benign,False
52913,Arg3302Lys,Arg,3302,Lys,0.007999999821186066,Likely Benign,False
52294,Lys2411Thr,Lys,2411,Thr,0.007999999821186066,Likely Benign,False
37718,Glu3342Lys,Glu,3342,Lys,0.007999999821186066,Likely Benign,False
51966,Thr1980Ile,Thr,1980,Ile,0.007999999821186066,Likely Benign,False
38071,Glu2292Gly,Glu,2292,Gly,0.007999999821186066,Likely Benign,False
51920,Asp191Gly,Asp,191,Gly,0.007999999821186066,Likely Benign,False
51618,Ser142Ile,Ser,142,Ile,0.007999999821186066,Likely Benign,False
51888,Glu187Lys,Glu,187,Lys,0.007999999821186066,Likely Benign,False
38102,Thr2515Ile,Thr,2515,Ile,0.007999999821186066,Likely Benign,False
91460,Lys2286Gln,Lys,2286,Gln,0.007999999821186066,Likely Benign,False
91432,Thr200Ala,Thr,200,Ala,0.007999999821186066,Likely Benign,False
38104,Ser2522Phe,Ser,2522,Phe,0.007999999821186066,Likely Benign,False
52347,Gly2508Ser,Gly,2508,Ser,0.007999999821186066,Likely Benign,False
52619,Glu2850Lys,Glu,2850,Lys,0.007999999821186066,Likely Benign,False
52389,Asp2566Tyr,Asp,2566,Tyr,0.007999999821186066,Likely Benign,False
37851,Ser1221Tyr,Ser,1221,Tyr,0.007999999821186066,Likely Benign,False
52593,Val2820Leu,Val,2820,Leu,0.007999999821186066,Likely Benign,False
52902,Asp3272Glu,Asp,3272,Glu,0.007999999821186066,Likely Benign,False
52576,Pro2800Ser,Pro,2800,Ser,0.007999999821186066,Likely Benign,False
37837,Ile1117Val,Ile,1117,Val,0.007999999821186066,Likely Benign,False
38023,Gly2063Glu,Gly,2063,Glu,0.007999999821186066,Likely Benign,False
52692,Lys2950Asn,Lys,2950,Asn,0.0045570206828415396,Likely Benign,False
52742,Gln3026Glu,Gln,3026,Glu,0.0045570206828415396,Likely Benign,False
38222,Val3081Ala,Val,3081,Ala,0.0045570206828415396,Likely Benign,False
52903,Leu3274Val,Leu,3274,Val,0.0030303031206130983,Likely Benign,False
41570,Ala2951Thr,Ala,2951,Thr,0.0030303031206130983,Likely Benign,False
52800,Tyr3092Cys,Tyr,3092,Cys,0.0030303031206130983,Likely Benign,False
52906,Pro3280His,Pro,3280,His,0.0030303031206130983,Likely Benign,False
96769,Lys585Asn,Lys,585,Asn,0.0030303031206130983,Likely Benign,False
52912,Ala3297Gly,Ala,3297,Gly,0.0030303031206130983,Likely Benign,False
52241,Arg2336Pro,Arg,2336,Pro,0.0030303031206130983,Likely Benign,False
51078,Trp395Gly,Trp,395,Gly,0.0030303031206130983,Likely Benign,False
52751,Tyr3035Cys,Tyr,3035,Cys,0.0030303031206130983,Likely Benign,False
52744,Ala3029Val,Ala,3029,Val,0.0030303031206130983,Likely Benign,False
51979,Ser1992Leu,Ser,1992,Leu,0.0030303031206130983,Likely Benign,False
91440,Lys2075Asn,Lys,2075,Asn,0.0030303031206130983,Likely Benign,False
38098,Asp2489Gly,Asp,2489,Gly,0.0030303031206130983,Likely Benign,False
38156,Arg2787His,Arg,2787,His,0.0030303031206130983,Likely Benign,False
52697,Val2969Met,Val,2969,Met,0.0030303031206130983,Likely Benign,False
51503,Lys1226Ile,Lys,1226,Ile,0.0030303031206130983,Likely Benign,False
51218,Phe625Leu,Phe,625,Leu,0.0030303031206130983,Likely Benign,False
91508,Tyr2789Cys,Tyr,2789,Cys,0.0030303031206130983,Likely Benign,False
52521,Val2728Leu,Val,2728,Leu,0.0030303031206130983,Likely Benign,False
52546,Met2775Thr,Met,2775,Thr,0.0030303031206130983,Likely Benign,False
52634,Phe2873Cys,Phe,2873,Cys,0.0030303031206130983,Likely Benign,False
52632,Thr2867Pro,Thr,2867,Pro,0.0030303031206130983,Likely Benign,False
38264,Leu3271Ser,Leu,3271,Ser,0.0030303031206130983,Likely Benign,False
52617,Lys2849Glu,Lys,2849,Glu,0.0030303031206130983,Likely Benign,False
52212,Gly2281Val,Gly,2281,Val,0.0030303031206130983,Likely Benign,False
51480,Ser1172Trp,Ser,1172,Trp,0.0030303031206130983,Likely Benign,False
52601,Gln2829Leu,Gln,2829,Leu,0.0030303031206130983,Likely Benign,False
38142,Lys2729Asn,Lys,2729,Asn,0.0030303031206130983,Likely Benign,False
52582,Ser2807Leu,Ser,2807,Leu,0.0030303031206130983,Likely Benign,False
52214,Pro2283His,Pro,2283,His,0.0030303031206130983,Likely Benign,False
52408,Ala2595Ser,Ala,2595,Ser,0.0030303031206130983,Likely Benign,False
91537,Gln3299Pro,Gln,3299,Pro,0.0030303031206130983,Likely Benign,False
37911,Val1532Phe,Val,1532,Phe,0.0030303031206130983,Likely Benign,False
38187,Lys2939Asn,Lys,2939,Asn,0.0030303031206130983,Likely Benign,False
52356,Ile2521Thr,Ile,2521,Thr,0.0030303031206130983,Likely Benign,False
52865,Leu3180Phe,Leu,3180,Phe,0.0030303031206130983,Likely Benign,False
38200,Arg2991His,Arg,2991,His,0.0030303031206130983,Likely Benign,False
38012,Ala1996Ser,Ala,1996,Ser,0.0030303031206130983,Likely Benign,False
37916,Arg155Thr,Arg,155,Thr,0.0030303031206130983,Likely Benign,False
52904,Arg3276Ser,Arg,3276,Ser,0.0030303031206130983,Likely Benign,False
52834,Asp3142Gly,Asp,3142,Gly,0.0030303031206130983,Likely Benign,False
38147,Lys275Asn,Lys,275,Asn,0.0020404208451509477,Likely Benign,False
41550,Lys1531Asn,Lys,1531,Asn,0.0020404208451509477,Likely Benign,False
51692,Ser1554Arg,Ser,1554,Arg,0.0010582010261714458,Likely Benign,False
37900,Gln147Leu,Gln,147,Leu,0.0010582010261714458,Likely Benign,False
52538,Ile2752Phe,Ile,2752,Phe,0.0010582010261714458,Likely Benign,False
52258,Pro2352Leu,Pro,2352,Leu,0.0010582010261714458,Likely Benign,False
37838,Lys1132Arg,Lys,1132,Arg,0.0010582010261714458,Likely Benign,False
51477,Phe12Val,Phe,12,Val,0.0010582010261714458,Likely Benign,False
91463,Lys2308Glu,Lys,2308,Glu,0.0010582010261714458,Likely Benign,False
51810,Gly173Val,Gly,173,Val,0.0010582010261714458,Likely Benign,False
91756,Gly578Asp,Gly,578,Asp,0.0010582010261714458,Likely Benign,False
91462,Asn2288Ile,Asn,2288,Ile,0.0010582010261714458,Likely Benign,False
52221,Asp2312Glu,Asp,2312,Glu,0.0010582010261714458,Likely Benign,False
37942,Lys1690Asn,Lys,1690,Asn,0.0010582010261714458,Likely Benign,False
37753,Thr582Pro,Thr,582,Pro,0.0010582010261714458,Likely Benign,False
52562,Arg2787Cys,Arg,2787,Cys,0.0010582010261714458,Likely Benign,False
38257,Gly3212Arg,Gly,3212,Arg,0.0010582010261714458,Likely Benign,False
51488,Arg1190Trp,Arg,1190,Trp,0.0010582010261714458,Likely Benign,False
51835,Tyr1762Ser,Tyr,1762,Ser,0.0010582010261714458,Likely Benign,False
51402,Cys1044Trp,Cys,1044,Trp,0.0010582010261714458,Likely Benign,False
37755,Lys586Glu,Lys,586,Glu,0.0010582010261714458,Likely Benign,False
51169,Cys554Trp,Cys,554,Trp,0.0010582010261714458,Likely Benign,False
51403,Glu1046Gly,Glu,1046,Gly,0.0010582010261714458,Likely Benign,False
51982,Ala1996Thr,Ala,1996,Thr,0.0010582010261714458,Likely Benign,False
38144,Gly2743Ser,Gly,2743,Ser,0.0010582010261714458,Likely Benign,False
51679,Lys1530Arg,Lys,1530,Arg,0.0010582010261714458,Likely Benign,False
52299,Arg2418Gly,Arg,2418,Gly,0.0010582010261714458,Likely Benign,False
51682,Lys1533Asn,Lys,1533,Asn,0.0010582010261714458,Likely Benign,False
38212,Gln3036Glu,Gln,3036,Glu,0.0010582010261714458,Likely Benign,False
37843,Ser116Arg,Ser,116,Arg,0.0010582010261714458,Likely Benign,False
38145,Val2747Ile,Val,2747,Ile,0.0010582010261714458,Likely Benign,False
37832,Asn1100Ile,Asn,1100,Ile,0.0010582010261714458,Likely Benign,False
91759,Ile605Thr,Ile,605,Thr,0.0010582010261714458,Likely Benign,False
38152,Asn277Lys,Asn,277,Lys,0.0010582010261714458,Likely Benign,False
51805,Gly173Cys,Gly,173,Cys,0.0010582010261714458,Likely Benign,False
91801,Gln1138His,Gln,1138,His,0.0010582010261714458,Likely Benign,False
52467,Ile27Val,Ile,27,Val,0.0010582010261714458,Likely Benign,False
51200,Gly602Arg,Gly,602,Arg,0.0010582010261714458,Likely Benign,False
51734,Ser1632Arg,Ser,1632,Arg,0.0010582010261714458,Likely Benign,False
37803,Pro94Ser,Pro,94,Ser,0.0010582010261714458,Likely Benign,False
52249,Lys2339Asn,Lys,2339,Asn,0.0010582010261714458,Likely Benign,False
38238,Ser313Phe,Ser,313,Phe,0.0010582010261714458,Likely Benign,False
52033,Ser2071Arg,Ser,2071,Arg,0.0010582010261714458,Likely Benign,False
91442,Arg2099Gly,Arg,2099,Gly,0.0010582010261714458,Likely Benign,False
52436,Ala2643Gly,Ala,2643,Gly,0.0010582010261714458,Likely Benign,False
37791,Arg858Gly,Arg,858,Gly,0.0010582010261714458,Likely Benign,False
52392,Glu2571Gly,Glu,2571,Gly,0.0010582010261714458,Likely Benign,False
37729,Leu400Pro,Leu,400,Pro,0.0010582010261714458,Likely Benign,False
91807,Lys1239Asn,Lys,1239,Asn,0.0010582010261714458,Likely Benign,False
52260,Gly2353Arg,Gly,2353,Arg,0.0010582010261714458,Likely Benign,False
51876,Asn1836Lys,Asn,1836,Lys,0.0010582010261714458,Likely Benign,False
51727,Ser1617Arg,Ser,1617,Arg,0.0010582010261714458,Likely Benign,False
52004,Arg2027Gly,Arg,2027,Gly,0.0010582010261714458,Likely Benign,False
52346,Phe2504Leu,Phe,2504,Leu,0.0010582010261714458,Likely Benign,False
91808,Asp1243Asn,Asp,1243,Asn,0.0010582010261714458,Likely Benign,True
51192,Asp596His,Asp,596,His,0.0010582010261714458,Likely Benign,False
51423,Ser1069Phe,Ser,1069,Phe,0.0010582010261714458,Likely Benign,False
51887,Phe1866Leu,Phe,1866,Leu,0.0010582010261714458,Likely Benign,False
37816,Phe101Leu,Phe,101,Leu,0.0010582010261714458,Likely Benign,False
51984,Pro2Leu,Pro,2,Leu,0.0010582010261714458,Likely Benign,False
51441,Met1090Ile,Met,1090,Ile,0.0010582010261714458,Likely Benign,False
52229,Met2322Ile,Met,2322,Ile,0.0010582010261714458,Likely Benign,False
52226,Arg2319Thr,Arg,2319,Thr,0.0010582010261714458,Likely Benign,False
91783,Phe892Leu,Phe,892,Leu,0.0010582010261714458,Likely Benign,False
38193,Arg2973Cys,Arg,2973,Cys,0.0010582010261714458,Likely Benign,False
91441,Ser2091Arg,Ser,2091,Arg,0.0010582010261714458,Likely Benign,False
52227,Leu2320Ser,Leu,2320,Ser,0.0010582010261714458,Likely Benign,False
52585,Asp2811Gly,Asp,2811,Gly,0.0010582010261714458,Likely Benign,False
51723,Cys161Trp,Cys,161,Trp,0.0010582010261714458,Likely Benign,False
41541,Ser384Phe,Ser,384,Phe,0.0010582010261714458,Likely Benign,False
38058,Phe221Leu,Phe,221,Leu,0.0010582010261714458,Likely Benign,False
51965,Cys1975Trp,Cys,1975,Trp,0.0010582010261714458,Likely Benign,False
52174,Ser2247Arg,Ser,2247,Arg,0.0010582010261714458,Likely Benign,False
51628,Lys1434Ile,Lys,1434,Ile,0.0010582010261714458,Likely Benign,False
91486,Ser2546Phe,Ser,2546,Phe,0.0010582010261714458,Likely Benign,False
51082,Asn404Ile,Asn,404,Ile,0.0010582010261714458,Likely Benign,False
51394,Lys1025Asn,Lys,1025,Asn,0.0010582010261714458,Likely Benign,False
51518,Val1255Leu,Val,1255,Leu,0.0010582010261714458,Likely Benign,False
52753,Pro3039Leu,Pro,3039,Leu,0.0010582010261714458,Likely Benign,False
52169,Asp224Val,Asp,224,Val,0.0010582010261714458,Likely Benign,False
51323,Asn886Ile,Asn,886,Ile,0.0010582010261714458,Likely Benign,False
51609,Leu139Pro,Leu,139,Pro,0.0010582010261714458,Likely Benign,False
52765,Pro3054His,Pro,3054,His,0.0010582010261714458,Likely Benign,False
51607,Thr1388Asn,Thr,1388,Asn,0.0010582010261714458,Likely Benign,False
38027,Ser2072Cys,Ser,2072,Cys,0.0010582010261714458,Likely Benign,False
52165,Glu2236Lys,Glu,2236,Lys,0.0010582010261714458,Likely Benign,False
51567,Tyr1313Ser,Tyr,1313,Ser,0.0010582010261714458,Likely Benign,False
91505,Pro2762Leu,Pro,2762,Leu,0.0010582010261714458,Likely Benign,False
91485,Gln2539Arg,Gln,2539,Arg,0.0010582010261714458,Likely Benign,False
52847,Phe3159Leu,Phe,3159,Leu,0.0010582010261714458,Likely Benign,False
52910,Pro3292Leu,Pro,3292,Leu,0.0010582010261714458,Likely Benign,False
91490,Glu2558Val,Glu,2558,Val,0.0010582010261714458,Likely Benign,False
52784,Lys3083Asn,Lys,3083,Asn,0.0010582010261714458,Likely Benign,False
51329,Pro9Leu,Pro,9,Leu,0.0010582010261714458,Likely Benign,False
37887,Glu1397Lys,Glu,1397,Lys,0.0010582010261714458,Likely Benign,False
38035,Val211Leu,Val,211,Leu,0.0010582010261714458,Likely Benign,False
38051,Gly2181Arg,Gly,2181,Arg,0.0010582010261714458,Likely Benign,False
52811,Ile3103Met,Ile,3103,Met,0.0010582010261714458,Likely Benign,False
51340,Asn924Ile,Asn,924,Ile,0.0010582010261714458,Likely Benign,False
41549,Asp1420Tyr,Asp,1420,Tyr,0.0010582010261714458,Likely Benign,False
52822,Ser3123Gly,Ser,3123,Gly,0.0010582010261714458,Likely Benign,False
37893,Ala1439Asp,Ala,1439,Asp,0.0010582010261714458,Likely Benign,False
51513,Ser1248Arg,Ser,1248,Arg,0.0010582010261714458,Likely Benign,False
52838,Glu3152Lys,Glu,3152,Lys,0.0010582010261714458,Likely Benign,False
51507,Ala1233Thr,Ala,1233,Thr,0.0010582010261714458,Likely Benign,False
51647,Cys148Arg,Cys,148,Arg,0.0010582010261714458,Likely Benign,False
9339,Ala2911Glu,Ala,2911,Glu,0.0010582010261714458,Likely Benign,False
51397,Phe1030Val,Phe,1030,Val,0.0010582010261714458,Likely Benign,False
52898,Ser326Arg,Ser,326,Arg,0.0010582010261714458,Likely Benign,False
51277,Ile80Met,Ile,80,Met,0.0010582010261714458,Likely Benign,False
38135,Ile2672Val,Ile,2672,Val,0.0010582010261714458,Likely Benign,False
91416,Gly1840Arg,Gly,1840,Arg,0.0010582010261714458,Likely Benign,False
91415,Ser1832Tyr,Ser,1832,Tyr,0.0010582010261714458,Likely Benign,False
38010,Ser1982Thr,Ser,1982,Thr,0.0010582010261714458,Likely Benign,False
91477,Arg245Ser,Arg,245,Ser,0.0010582010261714458,Likely Benign,False
91525,Leu3136Pro,Leu,3136,Pro,0.0010582010261714458,Likely Benign,False
52096,Ser2148Tyr,Ser,2148,Tyr,0.0010582010261714458,Likely Benign,False
37746,Gly522Arg,Gly,522,Arg,0.0010582010261714458,Likely Benign,False
52108,Ser2152Tyr,Ser,2152,Tyr,0.0010582010261714458,Likely Benign,False
52673,Gly2919Val,Gly,2919,Val,0.0010582010261714458,Likely Benign,False
91513,Pro2802Arg,Pro,2802,Arg,0.0010582010261714458,Likely Benign,False
41542,Ile505Thr,Ile,505,Thr,0.0010582010261714458,Likely Benign,False
52110,Tyr2154Ser,Tyr,2154,Ser,0.0010582010261714458,Likely Benign,False
37972,Ile1851Ser,Ile,1851,Ser,0.0010582010261714458,Likely Benign,False
96797,Leu1234Met,Leu,1234,Met,0.0010582010261714458,Likely Benign,False
51637,Asn1459Lys,Asn,1459,Lys,0.0010582010261714458,Likely Benign,False
51495,Asn1212Ile,Asn,1212,Ile,0.0010582010261714458,Likely Benign,False
91518,Cys3069Gly,Cys,3069,Gly,0.0010582010261714458,Likely Benign,False
38022,Asn2048Ile,Asn,2048,Ile,0.0010582010261714458,Likely Benign,False
91409,Ser1748Arg,Ser,1748,Arg,0.0010582010261714458,Likely Benign,False
38024,Val2066Ile,Val,2066,Ile,0.0010582010261714458,Likely Benign,False
37741,Ala487Glu,Ala,487,Glu,0.0,Likely Benign,False
51143,Phe520Val,Phe,520,Val,0.0,Likely Benign,False
51158,His543Asn,His,543,Asn,0.0,Likely Benign,False
51144,His523Leu,His,523,Leu,0.0,Likely Benign,False
51057,Asp3410Glu,Asp,3410,Glu,0.0,Likely Benign,False
51146,Thr525Ser,Thr,525,Ser,0.0,Likely Benign,False
37740,Cys480Arg,Cys,480,Arg,0.0,Likely Benign,False
51060,Gln347Arg,Gln,347,Arg,0.0,Likely Benign,False
51055,Asn3407Ser,Asn,3407,Ser,0.0,Likely Benign,False
51147,Lys53Arg,Lys,53,Arg,0.0,Likely Benign,False
37738,Glu462Gly,Glu,462,Gly,0.0,Likely Benign,False
51067,Pro375Leu,Pro,375,Leu,0.0,Likely Benign,False
51059,Lys345Glu,Lys,345,Glu,0.0,Likely Benign,False
51066,Pro375Ser,Pro,375,Ser,0.0,Likely Benign,False
51157,Asn54Thr,Asn,54,Thr,0.0,Likely Benign,False
51107,Leu452Ile,Leu,452,Ile,0.0,Likely Benign,False
51047,Thr3374Ile,Thr,3374,Ile,0.0,Likely Benign,False
51051,Cys3386Phe,Cys,3386,Phe,0.0,Likely Benign,False
51052,Lys3392Thr,Lys,3392,Thr,0.0,Likely Benign,False
51105,Arg448Cys,Arg,448,Cys,0.0,Likely Benign,False
51111,Pro46Ser,Pro,46,Ser,0.0,Likely Benign,False
51101,Ser442Leu,Ser,442,Leu,0.0,Likely Benign,False
51100,Phe439Val,Phe,439,Val,0.0,Likely Benign,False
51112,Leu459Val,Leu,459,Val,0.0,Likely Benign,False
51091,Ile416Ser,Ile,416,Ser,0.0,Likely Benign,False
51090,His415Arg,His,415,Arg,0.0,Likely Benign,False
51122,His473Leu,His,473,Leu,0.0,Likely Benign,False
51086,Glu409Lys,Glu,409,Lys,0.0,Likely Benign,False
51159,Thr544Ala,Thr,544,Ala,0.0,Likely Benign,False
51085,Pro41Ser,Pro,41,Ser,0.0,Likely Benign,False
51050,Arg3384Gln,Arg,3384,Gln,0.0,Likely Benign,False
51142,Ala518Pro,Ala,518,Pro,0.0,Likely Benign,False
51053,Thr3401Met,Thr,3401,Met,0.0,Likely Benign,False
51125,Ala483Thr,Ala,483,Thr,0.0,Likely Benign,False
37739,Ser476Cys,Ser,476,Cys,0.0,Likely Benign,False
37742,Thr491Ser,Thr,491,Ser,0.0,Likely Benign,False
51126,Ala483Pro,Ala,483,Pro,0.0,Likely Benign,False
51130,Ile488Arg,Ile,488,Arg,0.0,Likely Benign,False
51054,Glu3402Lys,Glu,3402,Lys,0.0,Likely Benign,False
51131,Ala495Thr,Ala,495,Thr,0.0,Likely Benign,False
51077,Glu394Ala,Glu,394,Ala,0.0,Likely Benign,False
51132,Ala495Pro,Ala,495,Pro,0.0,Likely Benign,False
51048,Ala338Thr,Ala,338,Thr,0.0,Likely Benign,False
51068,Phe376Cys,Phe,376,Cys,0.0,Likely Benign,False
51106,Arg448His,Arg,448,His,0.0,Likely Benign,False
51264,Leu759Phe,Leu,759,Phe,0.0,Likely Benign,False
51160,Thr544Ile,Thr,544,Ile,0.0,Likely Benign,False
51328,Asn900Asp,Asn,900,Asp,0.0,Likely Benign,False
51361,Ala952Ser,Ala,952,Ser,0.0,Likely Benign,False
51360,Val950Asp,Val,950,Asp,0.0,Likely Benign,False
51358,Asp946Gly,Asp,946,Gly,0.0,Likely Benign,False
51353,Ala938Glu,Ala,938,Glu,0.0,Likely Benign,False
51349,Asp935Asn,Asp,935,Asn,0.0,Likely Benign,False
51346,Thr933Arg,Thr,933,Arg,0.0,Likely Benign,False
51343,Leu929Ser,Leu,929,Ser,0.0,Likely Benign,False
51333,Thr912Ile,Thr,912,Ile,0.0,Likely Benign,False
37720,Thr3371Ala,Thr,3371,Ala,0.0,Likely Benign,False
51326,Val894Ile,Val,894,Ile,0.0,Likely Benign,False
51163,Ser547Leu,Ser,547,Leu,0.0,Likely Benign,False
51325,Gln893Arg,Gln,893,Arg,0.0,Likely Benign,False
51320,Leu88Arg,Leu,88,Arg,0.0,Likely Benign,False
51314,Ser869Leu,Ser,869,Leu,0.0,Likely Benign,False
51312,Thr867Ala,Thr,867,Ala,0.0,Likely Benign,False
51306,Asn854Ser,Asn,854,Ser,0.0,Likely Benign,False
51300,Ala843Val,Ala,843,Val,0.0,Likely Benign,False
51297,Pro835Ser,Pro,835,Ser,0.0,Likely Benign,False
51296,Tyr828Cys,Tyr,828,Cys,0.0,Likely Benign,False
51292,Cys822Arg,Cys,822,Arg,0.0,Likely Benign,False
51364,Ser958Gly,Ser,958,Gly,0.0,Likely Benign,False
51367,Leu967Val,Leu,967,Val,0.0,Likely Benign,False
51372,Ser976Ile,Ser,976,Ile,0.0,Likely Benign,True
51374,Leu98Val,Leu,98,Val,0.0,Likely Benign,False
51447,His1101Tyr,His,1101,Tyr,0.0,Likely Benign,False
51433,Ile1086Val,Ile,1086,Val,0.0,Likely Benign,False
51432,His1085Arg,His,1085,Arg,0.0,Likely Benign,False
51431,Lys1082Arg,Lys,1082,Arg,0.0,Likely Benign,False
51430,Asn108Ser,Asn,108,Ser,0.0,Likely Benign,False
51428,Asn108His,Asn,108,His,0.0,Likely Benign,False
51425,His1071Arg,His,1071,Arg,0.0,Likely Benign,False
51424,His1071Tyr,His,1071,Tyr,0.0,Likely Benign,False
51417,Lys1057Arg,Lys,1057,Arg,0.0,Likely Benign,False
51404,Val1048Ile,Val,1048,Ile,0.0,Likely Benign,False
51401,Ser1041Asn,Ser,1041,Asn,0.0,Likely Benign,False
51396,Met1029Val,Met,1029,Val,0.0,Likely Benign,False
51393,Lys1025Glu,Lys,1025,Glu,0.0,Likely Benign,False
51390,Lys102Arg,Lys,102,Arg,0.0,Likely Benign,False
51381,Leu996Arg,Leu,996,Arg,0.0,Likely Benign,False
51380,Tyr989Asp,Tyr,989,Asp,0.0,Likely Benign,False
51379,Asn987Ile,Asn,987,Ile,0.0,Likely Benign,False
51377,Asn986Ser,Asn,986,Ser,0.0,Likely Benign,False
51375,Ile982Leu,Ile,982,Leu,0.0,Likely Benign,False
51291,Asp820Gly,Asp,820,Gly,0.0,Likely Benign,False
51285,Pro814Leu,Pro,814,Leu,0.0,Likely Benign,False
51282,Thr810Ile,Thr,810,Ile,0.0,Likely Benign,False
51245,Asp707Tyr,Asp,707,Tyr,0.0,Likely Benign,False
51236,Thr675Arg,Thr,675,Arg,0.0,Likely Benign,False
51235,Arg668Lys,Arg,668,Lys,0.0,Likely Benign,False
51231,Asp651Tyr,Asp,651,Tyr,0.0,Likely Benign,False
51227,Leu638Val,Leu,638,Val,0.0,Likely Benign,False
51214,Ala618Pro,Ala,618,Pro,0.0,Likely Benign,False
51210,Gln609Arg,Gln,609,Arg,0.0,Likely Benign,False
51208,Gln609Glu,Gln,609,Glu,0.0,Likely Benign,False
51207,Lys607Thr,Lys,607,Thr,0.0,Likely Benign,False
51206,Pro606Leu,Pro,606,Leu,0.0,Likely Benign,False
51205,Pro606Gln,Pro,606,Gln,0.0,Likely Benign,False
51197,Tyr600His,Tyr,600,His,0.0,Likely Benign,False
51195,Thr598Ile,Thr,598,Ile,0.0,Likely Benign,False
51191,His595Arg,His,595,Arg,0.0,Likely Benign,False
37734,Tyr42Cys,Tyr,42,Cys,0.0,Likely Benign,False
51186,Asn588Ser,Asn,588,Ser,0.0,Likely Benign,False
51185,Pro59Ala,Pro,59,Ala,0.0,Likely Benign,False
51181,Thr582Ala,Thr,582,Ala,0.0,Likely Benign,False
51173,Asn560Asp,Asn,560,Asp,0.0,Likely Benign,False
51167,Asn55Ser,Asn,55,Ser,0.0,Likely Benign,False
51243,Gln699His,Gln,699,His,0.0,Likely Benign,False
51246,Ser708Thr,Ser,708,Thr,0.0,Likely Benign,False
51281,Thr810Ala,Thr,810,Ala,0.0,Likely Benign,False
51247,Leu709Val,Leu,709,Val,0.0,Likely Benign,False
37721,Arg3385Cys,Arg,3385,Cys,0.0,Likely Benign,False
51279,Asp806Gly,Asp,806,Gly,0.0,Likely Benign,False
51278,Asp806His,Asp,806,His,0.0,Likely Benign,False
51275,Gly800Val,Gly,800,Val,0.0,Likely Benign,False
51272,Ser786Cys,Ser,786,Cys,0.0,Likely Benign,False
51270,Ser775Phe,Ser,775,Phe,0.0,Likely Benign,False
51268,Thr768Ile,Thr,768,Ile,0.0,Likely Benign,False
37722,Arg3385His,Arg,3385,His,0.0,Likely Benign,False
51044,Thr3371Ser,Thr,3371,Ser,0.0,Likely Benign,False
37727,Pro389Leu,Pro,389,Leu,0.0,Likely Benign,False
51262,Gln754Lys,Gln,754,Lys,0.0,Likely Benign,False
51259,Ser749Gly,Ser,749,Gly,0.0,Likely Benign,False
51256,Val741Leu,Val,741,Leu,0.0,Likely Benign,False
51255,Ala737Ser,Ala,737,Ser,0.0,Likely Benign,False
51254,Ile729Met,Ile,729,Met,0.0,Likely Benign,False
51253,Lys725Asn,Lys,725,Asn,0.0,Likely Benign,False
51251,Asn72Ser,Asn,72,Ser,0.0,Likely Benign,False
51249,Gln713Leu,Gln,713,Leu,0.0,Likely Benign,False
51248,Leu712Pro,Leu,712,Pro,0.0,Likely Benign,False
51046,Thr3374Ala,Thr,3374,Ala,0.0,Likely Benign,False
37752,Gln569Lys,Gln,569,Lys,0.0,Likely Benign,False
51042,Thr3369Ala,Thr,3369,Ala,0.0,Likely Benign,False
37866,Val1306Ile,Val,1306,Ile,0.0,Likely Benign,False
38109,Ala2534Val,Ala,2534,Val,0.0,Likely Benign,False
38108,Ser2533Cys,Ser,2533,Cys,0.0,Likely Benign,False
37874,Asp1352Tyr,Asp,1352,Tyr,0.0,Likely Benign,False
38100,Arg2500Thr,Arg,2500,Thr,0.0,Likely Benign,False
38088,Thr2412Ile,Thr,2412,Ile,0.0,Likely Benign,False
37878,Cys1365Tyr,Cys,1365,Tyr,0.0,Likely Benign,False
37882,Cys138Phe,Cys,138,Phe,0.0,Likely Benign,False
38086,Gln2384Lys,Gln,2384,Lys,0.0,Likely Benign,False
38084,Leu2368Val,Leu,2368,Val,0.0,Likely Benign,False
38083,Leu2366Val,Leu,2366,Val,0.0,Likely Benign,False
38081,Ala2351Gly,Ala,2351,Gly,0.0,Likely Benign,False
38080,Asn2346Ser,Asn,2346,Ser,0.0,Likely Benign,False
37886,Gln1396Arg,Gln,1396,Arg,0.0,Likely Benign,False
38077,Arg2336His,Arg,2336,His,0.0,Likely Benign,False
38070,Ile2285Val,Ile,2285,Val,0.0,Likely Benign,False
38064,Thr2250Ala,Thr,2250,Ala,0.0,Likely Benign,False
38063,Ser2247Gly,Ser,2247,Gly,0.0,Likely Benign,False
38054,Asn2189Lys,Asn,2189,Lys,0.0,Likely Benign,False
38052,Pro2187Leu,Pro,2187,Leu,0.0,Likely Benign,False
38045,His2147Gln,His,2147,Gln,0.0,Likely Benign,False
38040,Glu2115Gly,Glu,2115,Gly,0.0,Likely Benign,False
38112,His2548Arg,His,2548,Arg,0.0,Likely Benign,False
38121,Ala262Thr,Ala,262,Thr,0.0,Likely Benign,False
38037,Arg2108His,Arg,2108,His,0.0,Likely Benign,False
37865,Thr1304Ala,Thr,1304,Ala,0.0,Likely Benign,False
37817,Leu1019Val,Leu,1019,Val,0.0,Likely Benign,False
37828,Gln1073Arg,Gln,1073,Arg,0.0,Likely Benign,False
37829,Pro1088Ser,Pro,1088,Ser,0.0,Likely Benign,False
37833,Asn1102Tyr,Asn,1102,Tyr,0.0,Likely Benign,False
37839,Thr1141Ile,Thr,1141,Ile,0.0,Likely Benign,False
37840,Glu1146Gly,Glu,1146,Gly,0.0,Likely Benign,False
37841,Gln1148Arg,Gln,1148,Arg,0.0,Likely Benign,False
37842,Ile1151Met,Ile,1151,Met,0.0,Likely Benign,False
37844,Ala1170Val,Ala,1170,Val,0.0,Likely Benign,False
37845,Arg118His,Arg,118,His,0.0,Likely Benign,False
37847,Arg1190Gln,Arg,1190,Gln,0.0,Likely Benign,False
37848,Tyr1207Cys,Tyr,1207,Cys,0.0,Likely Benign,False
37850,Tyr1220His,Tyr,1220,His,0.0,Likely Benign,False
38140,Ile2718Thr,Ile,2718,Thr,0.0,Likely Benign,False
38139,Asn2706Ser,Asn,2706,Ser,0.0,Likely Benign,False
38138,Ala2698Thr,Ala,2698,Thr,0.0,Likely Benign,False
38136,Met2676Thr,Met,2676,Thr,0.0,Likely Benign,False
37852,Asn1228Asp,Asn,1228,Asp,0.0,Likely Benign,False
37854,Met124Leu,Met,124,Leu,0.0,Likely Benign,False
37857,Cys1265Phe,Cys,1265,Phe,0.0,Likely Benign,False
37863,Cys1290Tyr,Cys,1290,Tyr,0.0,Likely Benign,False
38039,Asn2113Ser,Asn,2113,Ser,0.0,Likely Benign,False
38034,Ile2105Val,Ile,2105,Val,0.0,Likely Benign,False
51039,Ile3363Met,Ile,3363,Met,0.0,Likely Benign,False
37974,Ile1859Val,Ile,1859,Val,0.0,Likely Benign,False
37969,Ser1832Cys,Ser,1832,Cys,0.0,Likely Benign,False
37968,Ala1825Val,Ala,1825,Val,0.0,Likely Benign,False
37964,Ile1808Thr,Ile,1808,Thr,0.0,Likely Benign,False
37958,Gly1771Asp,Gly,1771,Asp,0.0,Likely Benign,False
37952,Ser1743Cys,Ser,1743,Cys,0.0,Likely Benign,False
37950,Ser1733Phe,Ser,1733,Phe,0.0,Likely Benign,False
37948,Ser1722Cys,Ser,1722,Cys,0.0,Likely Benign,False
37946,Asp1699Asn,Asp,1699,Asn,0.0,Likely Benign,False
37945,Glu1695Gly,Glu,1695,Gly,0.0,Likely Benign,False
37941,Lys169Arg,Lys,169,Arg,0.0,Likely Benign,False
37908,Val151Ile,Val,151,Ile,0.0,Likely Benign,False
37937,Pro1660Leu,Pro,1660,Leu,0.0,Likely Benign,False
37932,Val1639Ile,Val,1639,Ile,0.0,Likely Benign,False
37931,Val1637Gly,Val,1637,Gly,0.0,Likely Benign,False
37930,Leu1635Phe,Leu,1635,Phe,0.0,Likely Benign,False
37928,Ser1617Asn,Ser,1617,Asn,0.0,Likely Benign,False
37927,Val1610Met,Val,1610,Met,0.0,Likely Benign,False
37926,Ile1607Val,Ile,1607,Val,0.0,Likely Benign,False
37920,Glu1581Lys,Glu,1581,Lys,0.0,Likely Benign,False
37917,Thr1557Ser,Thr,1557,Ser,0.0,Likely Benign,False
37909,His1525Arg,His,1525,Arg,0.0,Likely Benign,False
37973,Val1852Ile,Val,1852,Ile,0.0,Likely Benign,False
37983,Asn1878Lys,Asn,1878,Lys,0.0,Likely Benign,False
38033,Lys21Arg,Lys,21,Arg,0.0,Likely Benign,False
37898,Asn1459Ser,Asn,1459,Ser,0.0,Likely Benign,False
38032,Thr2097Met,Thr,2097,Met,0.0,Likely Benign,False
38030,His2090Arg,His,2090,Arg,0.0,Likely Benign,False
38028,His2074Asn,His,2074,Asn,0.0,Likely Benign,False
38025,Ser2067Thr,Ser,2067,Thr,0.0,Likely Benign,False
38021,Gly2044Val,Gly,2044,Val,0.0,Likely Benign,False
38020,Gly2044Ala,Gly,2044,Ala,0.0,Likely Benign,False
38019,Gln2042Arg,Gln,2042,Arg,0.0,Likely Benign,False
38018,Gln2042Pro,Gln,2042,Pro,0.0,Likely Benign,False
38014,Thr2007Asn,Thr,2007,Asn,0.0,Likely Benign,False
37897,Lys1453Glu,Lys,1453,Glu,0.0,Likely Benign,False
38008,Ser1970Leu,Ser,1970,Leu,0.0,Likely Benign,False
38006,His1966Arg,His,1966,Arg,0.0,Likely Benign,False
38005,His1966Tyr,His,1966,Tyr,0.0,Likely Benign,False
38004,Ser1961Asn,Ser,1961,Asn,0.0,Likely Benign,False
38003,Cys1960Tyr,Cys,1960,Tyr,0.0,Likely Benign,False
37997,Ile1929Val,Ile,1929,Val,0.0,Likely Benign,False
37995,Asp1923Ala,Asp,1923,Ala,0.0,Likely Benign,False
37992,Cys1913Arg,Cys,1913,Arg,0.0,Likely Benign,False
37991,Leu1908Pro,Leu,1908,Pro,0.0,Likely Benign,False
37990,Leu1904Val,Leu,1904,Val,0.0,Likely Benign,False
37987,Ala1891Val,Ala,1891,Val,0.0,Likely Benign,False
37813,Gly995Ala,Gly,995,Ala,0.0,Likely Benign,False
37810,Ile982Met,Ile,982,Met,0.0,Likely Benign,False
38168,Glu2856Ala,Glu,2856,Ala,0.0,Likely Benign,False
37745,Asn517Ser,Asn,517,Ser,0.0,Likely Benign,False
41546,Ser1172Leu,Ser,1172,Leu,0.0,Likely Benign,False
41545,Asn991Asp,Asn,991,Asp,0.0,Likely Benign,False
41544,Met784Val,Met,784,Val,0.0,Likely Benign,False
41543,Thr598Ala,Thr,598,Ala,0.0,Likely Benign,False
41540,Ile3412Val,Ile,3412,Val,0.0,Likely Benign,False
41539,Cys341Phe,Cys,341,Phe,0.0,Likely Benign,False
38265,Ile3312Val,Ile,3312,Val,0.0,Likely Benign,False
38263,Val3244Phe,Val,3244,Phe,0.0,Likely Benign,False
38262,Pro3243Leu,Pro,3243,Leu,0.0,Likely Benign,False
38261,Arg324Thr,Arg,324,Thr,0.0,Likely Benign,False
38259,Tyr3225His,Tyr,3225,His,0.0,Likely Benign,False
37747,Thr525Ile,Thr,525,Ile,0.0,Likely Benign,False
38258,Lys322Gln,Lys,322,Gln,0.0,Likely Benign,False
38256,Gln3206Pro,Gln,3206,Pro,0.0,Likely Benign,False
37749,Glu534Lys,Glu,534,Lys,0.0,Likely Benign,False
38255,Gln3206Glu,Gln,3206,Glu,0.0,Likely Benign,False
38254,Pro3202Leu,Pro,3202,Leu,0.0,Likely Benign,False
37750,Ile542Thr,Ile,542,Thr,0.0,Likely Benign,False
38252,Cys3198Arg,Cys,3198,Arg,0.0,Likely Benign,False
38251,Lys3196Glu,Lys,3196,Glu,0.0,Likely Benign,False
38250,Pro3194Gln,Pro,3194,Gln,0.0,Likely Benign,False
41547,Ile1188Val,Ile,1188,Val,0.0,Likely Benign,False
41548,Gly1194Asp,Gly,1194,Asp,0.0,Likely Benign,False
37809,Asp980Tyr,Asp,980,Tyr,0.0,Likely Benign,False
41551,Glu1593Asp,Glu,1593,Asp,0.0,Likely Benign,False
51038,Glu3359Gly,Glu,3359,Gly,0.0,Likely Benign,False
51036,Thr3357Ile,Thr,3357,Ile,0.0,Likely Benign,False
37743,Ser496Phe,Ser,496,Phe,0.0,Likely Benign,False
41572,Val3244Ile,Val,3244,Ile,0.0,Likely Benign,False
37744,Ile505Val,Ile,505,Val,0.0,Likely Benign,False
41571,Glu2981Lys,Glu,2981,Lys,0.0,Likely Benign,False
41569,Ile2944Phe,Ile,2944,Phe,0.0,Likely Benign,False
41568,Arg2896His,Arg,2896,His,0.0,Likely Benign,False
41567,Asn289His,Asn,289,His,0.0,Likely Benign,False
41565,Val2728Ile,Val,2728,Ile,0.0,Likely Benign,False
41564,Ala2717Ser,Ala,2717,Ser,0.0,Likely Benign,False
41563,Arg2502Cys,Arg,2502,Cys,0.0,Likely Benign,False
41562,His2440Arg,His,2440,Arg,0.0,Likely Benign,False
41561,His2116Arg,His,2116,Arg,0.0,Likely Benign,False
41560,Val2109Ile,Val,2109,Ile,0.0,Likely Benign,False
41559,Arg2108Cys,Arg,2108,Cys,0.0,Likely Benign,False
41558,Arg2034Cys,Arg,2034,Cys,0.0,Likely Benign,False
41556,Thr1915Met,Thr,1915,Met,0.0,Likely Benign,False
41555,Asp1911Val,Asp,1911,Val,0.0,Likely Benign,False
41554,Val1852Phe,Val,1852,Phe,0.0,Likely Benign,False
41552,Thr17Ile,Thr,17,Ile,0.0,Likely Benign,False
38248,Asn319Thr,Asn,319,Thr,0.0,Likely Benign,False
38245,Asn3174Lys,Asn,3174,Lys,0.0,Likely Benign,False
38241,Cys315Ser,Cys,315,Ser,0.0,Likely Benign,False
38237,Pro3129Ser,Pro,3129,Ser,0.0,Likely Benign,False
38188,Glu2956Gln,Glu,2956,Gln,0.0,Likely Benign,False
37778,Glu747Gly,Glu,747,Gly,0.0,Likely Benign,False
38186,Ser2922Gly,Ser,2922,Gly,0.0,Likely Benign,False
37779,Tyr761His,Tyr,761,His,0.0,Likely Benign,False
37781,Thr774Ala,Thr,774,Ala,0.0,Likely Benign,False
37783,Ile79Val,Ile,79,Val,0.0,Likely Benign,False
37788,Val831Ile,Val,831,Ile,0.0,Likely Benign,False
37789,Pro836Leu,Pro,836,Leu,0.0,Likely Benign,False
37790,Asn852Ser,Asn,852,Ser,0.0,Likely Benign,False
38176,Asn289Asp,Asn,289,Asp,0.0,Likely Benign,False
37794,Asn863Lys,Asn,863,Lys,0.0,Likely Benign,False
37797,Arg898Thr,Arg,898,Thr,0.0,Likely Benign,False
37798,Thr906Ala,Thr,906,Ala,0.0,Likely Benign,False
37800,Pro920Thr,Pro,920,Thr,0.0,Likely Benign,False
37801,Asp935His,Asp,935,His,0.0,Likely Benign,False
37805,Ile943Val,Ile,943,Val,0.0,Likely Benign,False
38175,Pro2883Ser,Pro,2883,Ser,0.0,Likely Benign,False
37806,Asp970Asn,Asp,970,Asn,0.0,Likely Benign,False
38171,Leu2865Val,Leu,2865,Val,0.0,Likely Benign,False
37807,Ser973Leu,Ser,973,Leu,0.0,Likely Benign,False
37808,Ile979Met,Ile,979,Met,0.0,Likely Benign,False
38189,Glu2956Ala,Glu,2956,Ala,0.0,Likely Benign,False
38191,Tyr296Cys,Tyr,296,Cys,0.0,Likely Benign,False
38194,Arg2973His,Arg,2973,His,0.0,Likely Benign,False
37757,Tyr600Cys,Tyr,600,Cys,0.0,Likely Benign,False
38236,Arg3128Gln,Arg,3128,Gln,0.0,Likely Benign,False
38234,Gln3126Arg,Gln,3126,Arg,0.0,Likely Benign,False
37751,Asn56Thr,Asn,56,Thr,0.0,Likely Benign,False
38232,Met3118Thr,Met,3118,Thr,0.0,Likely Benign,False
38231,Ile3107Thr,Ile,3107,Thr,0.0,Likely Benign,False
38227,Tyr3098His,Tyr,3098,His,0.0,Likely Benign,False
38224,Thr3085Pro,Thr,3085,Pro,0.0,Likely Benign,False
38223,Lys3083Glu,Lys,3083,Glu,0.0,Likely Benign,False
38220,Val3079Ile,Val,3079,Ile,0.0,Likely Benign,False
38218,Lys3059Asn,Lys,3059,Asn,0.0,Likely Benign,False
37775,Glu718Lys,Glu,718,Lys,0.0,Likely Benign,False
37758,Asn60Ser,Asn,60,Ser,0.0,Likely Benign,False
38213,Pro3039Arg,Pro,3039,Arg,0.0,Likely Benign,False
37760,Lys604Glu,Lys,604,Glu,0.0,Likely Benign,False
38210,Gln3034Arg,Gln,3034,Arg,0.0,Likely Benign,False
38205,Thr3013Ile,Thr,3013,Ile,0.0,Likely Benign,False
37767,Ala622Val,Ala,622,Val,0.0,Likely Benign,False
37768,Thr630Ile,Thr,630,Ile,0.0,Likely Benign,False
37770,Pro655Arg,Pro,655,Arg,0.0,Likely Benign,False
37772,Cys676Arg,Cys,676,Arg,0.0,Likely Benign,False
96809,Glu1571Asp,Glu,1571,Asp,0.0,Likely Benign,False
51794,Thr1723Ala,Thr,1723,Ala,0.0,Likely Benign,False
51457,Tyr1135His,Tyr,1135,His,0.0,Likely Benign,False
52767,Lys3059Glu,Lys,3059,Glu,0.0,Likely Benign,False
52891,Leu3230Phe,Leu,3230,Phe,0.0,Likely Benign,False
52890,Tyr3226Cys,Tyr,3226,Cys,0.0,Likely Benign,False
52887,Pro3220Ser,Pro,3220,Ser,0.0,Likely Benign,False
52877,Asn3213Asp,Asn,3213,Asp,0.0,Likely Benign,False
52875,Ala3205Leu,Ala,3205,Leu,0.0,Likely Benign,True
52874,Thr3204Ser,Thr,3204,Ser,0.0,Likely Benign,False
52873,Thr3204Ala,Thr,3204,Ala,0.0,Likely Benign,False
52872,Thr3195Ala,Thr,3195,Ala,0.0,Likely Benign,False
52869,Asn319Ser,Asn,319,Ser,0.0,Likely Benign,False
52868,Asp3188Asn,Asp,3188,Asn,0.0,Likely Benign,False
52867,Met3181Arg,Met,3181,Arg,0.0,Likely Benign,False
52861,Asp3170Gly,Asp,3170,Gly,0.0,Likely Benign,False
52852,Glu3167Ala,Glu,3167,Ala,0.0,Likely Benign,False
52841,Gly3153Ala,Gly,3153,Ala,0.0,Likely Benign,False
52839,Glu3152Gly,Glu,3152,Gly,0.0,Likely Benign,False
52827,Pro3129Ala,Pro,3129,Ala,0.0,Likely Benign,False
52818,His3117Pro,His,3117,Pro,0.0,Likely Benign,False
52817,Lys3115Arg,Lys,3115,Arg,0.0,Likely Benign,False
52810,Ile3103Val,Ile,3103,Val,0.0,Likely Benign,False
52809,Leu3101Val,Leu,3101,Val,0.0,Likely Benign,False
52798,Val3091Ile,Val,3091,Ile,0.0,Likely Benign,False
52796,Ala3088Val,Ala,3088,Val,0.0,Likely Benign,False
52774,Gln3066Glu,Gln,3066,Glu,0.0,Likely Benign,False
52773,Asp3064Tyr,Asp,3064,Tyr,0.0,Likely Benign,False
52772,Asp3064Asn,Asp,3064,Asn,0.0,Likely Benign,False
52893,Lys3236Glu,Lys,3236,Glu,0.0,Likely Benign,False
52894,Val3240Ile,Val,3240,Ile,0.0,Likely Benign,False
52897,Lys3257Arg,Lys,3257,Arg,0.0,Likely Benign,False
89047,Ala1393Val,Ala,1393,Val,0.0,Likely Benign,False
91427,Leu1965Phe,Leu,1965,Phe,0.0,Likely Benign,False
91425,Gly1938Ala,Gly,1938,Ala,0.0,Likely Benign,False
91422,Ile1884Val,Ile,1884,Val,0.0,Likely Benign,False
91421,Lys1883Asn,Lys,1883,Asn,0.0,Likely Benign,False
91420,Lys1881Ile,Lys,1881,Ile,0.0,Likely Benign,False
91419,Glu1879Gly,Glu,1879,Gly,0.0,Likely Benign,False
91417,Ala1847Thr,Ala,1847,Thr,0.0,Likely Benign,False
91414,Leu1813Pro,Leu,1813,Pro,0.0,Likely Benign,False
91410,Ser1760Ala,Ser,1760,Ala,0.0,Likely Benign,False
89054,Glu3096Lys,Glu,3096,Lys,0.0,Likely Benign,False
89052,Ile2230Val,Ile,2230,Val,0.0,Likely Benign,False
89044,Val778Ile,Val,778,Ile,0.0,Likely Benign,False
52899,Lys327Glu,Lys,327,Glu,0.0,Likely Benign,False
89043,Phe625Cys,Phe,625,Cys,0.0,Likely Benign,False
89040,Leu366Val,Leu,366,Val,0.0,Likely Benign,False
89039,Ile3363Val,Ile,3363,Val,0.0,Likely Benign,False
55935,Gln1987His,Gln,1987,His,0.0,Likely Benign,False
52926,Asn3318His,Asn,3318,His,0.0,Likely Benign,False
52921,Ile3312Met,Ile,3312,Met,0.0,Likely Benign,False
52920,Lys331Ile,Lys,331,Ile,0.0,Likely Benign,False
52918,Glu3309Lys,Glu,3309,Lys,0.0,Likely Benign,False
52915,Thr3306Ile,Thr,3306,Ile,0.0,Likely Benign,False
52914,Ser3303Cys,Ser,3303,Cys,0.0,Likely Benign,False
52901,Arg3269Lys,Arg,3269,Lys,0.0,Likely Benign,False
52770,Pro3063Ser,Pro,3063,Ser,0.0,Likely Benign,False
52766,Ser3058Gly,Ser,3058,Gly,0.0,Likely Benign,False
52335,Ser2483Asn,Ser,2483,Asn,0.0,Likely Benign,False
52761,Glu305Lys,Glu,305,Lys,0.0,Likely Benign,False
52581,Asp281Asn,Asp,281,Asn,0.0,Likely Benign,False
52571,Lys280Glu,Lys,280,Glu,0.0,Likely Benign,False
52567,Thr2790Ser,Thr,2790,Ser,0.0,Likely Benign,False
52560,Ala2786Thr,Ala,2786,Thr,0.0,Likely Benign,False
52547,Met2775Arg,Met,2775,Arg,0.0,Likely Benign,False
52529,Val2739Ile,Val,2739,Ile,0.0,Likely Benign,False
52512,Gln2714Arg,Gln,2714,Arg,0.0,Likely Benign,False
52510,Asp2712Val,Asp,2712,Val,0.0,Likely Benign,False
52509,Asp2712Asn,Asp,2712,Asn,0.0,Likely Benign,False
52507,Ser2704Phe,Ser,2704,Phe,0.0,Likely Benign,False
52504,Ile2700Leu,Ile,2700,Leu,0.0,Likely Benign,False
52503,Ser2697Asn,Ser,2697,Asn,0.0,Likely Benign,False
52500,Ser2695Leu,Ser,2695,Leu,0.0,Likely Benign,False
52485,Lys2684Arg,Lys,2684,Arg,0.0,Likely Benign,False
52472,Gly267Glu,Gly,267,Glu,0.0,Likely Benign,False
52466,Arg2666Thr,Arg,2666,Thr,0.0,Likely Benign,False
52439,Asn2644Ser,Asn,2644,Ser,0.0,Likely Benign,False
52407,Asn2591Ser,Asn,2591,Ser,0.0,Likely Benign,False
52376,Lys2547Glu,Lys,2547,Glu,0.0,Likely Benign,False
52374,Val2545Ile,Val,2545,Ile,0.0,Likely Benign,False
52371,Thr2542Arg,Thr,2542,Arg,0.0,Likely Benign,False
52360,His2537Arg,His,2537,Arg,0.0,Likely Benign,False
52358,Gly2528Glu,Gly,2528,Glu,0.0,Likely Benign,False
52355,Ile2521Val,Ile,2521,Val,0.0,Likely Benign,False
52349,Leu2512Phe,Leu,2512,Phe,0.0,Likely Benign,False
52584,Ser2810Gly,Ser,2810,Gly,0.0,Likely Benign,False
52590,Val2815Ile,Val,2815,Ile,0.0,Likely Benign,False
52592,Val2818Ile,Val,2818,Ile,0.0,Likely Benign,False
52655,Leu2890Ile,Leu,2890,Ile,0.0,Likely Benign,False
52760,Val3040Ile,Val,3040,Ile,0.0,Likely Benign,False
52743,Ala3029Thr,Ala,3029,Thr,0.0,Likely Benign,False
52737,Thr302Ser,Thr,302,Ser,0.0,Likely Benign,False
52736,Ser3020Cys,Ser,3020,Cys,0.0,Likely Benign,False
52715,Ser2988Gly,Ser,2988,Gly,0.0,Likely Benign,False
52705,Lys2982Gln,Lys,2982,Gln,0.0,Likely Benign,False
52693,Met2952Val,Met,2952,Val,0.0,Likely Benign,False
52687,Ala2942Thr,Ala,2942,Thr,0.0,Likely Benign,False
52681,Leu2936Met,Leu,2936,Met,0.0,Likely Benign,False
52679,Asn2930Ser,Asn,2930,Ser,0.0,Likely Benign,False
52664,Ala2911Val,Ala,2911,Val,0.0,Likely Benign,False
52654,Ala2889Ser,Ala,2889,Ser,0.0,Likely Benign,False
52598,Ile283Val,Ile,283,Val,0.0,Likely Benign,False
52653,Arg2888Leu,Arg,2888,Leu,0.0,Likely Benign,False
52652,Arg2888Pro,Arg,2888,Pro,0.0,Likely Benign,False
52651,Arg2888His,Arg,2888,His,0.0,Likely Benign,False
52629,Ala2864Val,Ala,2864,Val,0.0,Likely Benign,False
52625,Gln2858Arg,Gln,2858,Arg,0.0,Likely Benign,False
52623,Gln2858Lys,Gln,2858,Lys,0.0,Likely Benign,False
52622,Ser286Pro,Ser,286,Pro,0.0,Likely Benign,False
52612,Asn2843Ser,Asn,2843,Ser,0.0,Likely Benign,False
52609,Ile2840Val,Ile,2840,Val,0.0,Likely Benign,False
52606,Ser2835Pro,Ser,2835,Pro,0.0,Likely Benign,False
52599,Ile2828Val,Ile,2828,Val,0.0,Likely Benign,False
91428,Thr1974Ile,Thr,1974,Ile,0.0,Likely Benign,False
91430,Val1988Ile,Val,1988,Ile,0.0,Likely Benign,False
91431,Asp1990Ala,Asp,1990,Ala,0.0,Likely Benign,False
91433,Asn20Ser,Asn,20,Ser,0.0,Likely Benign,False
96762,Pro389Gln,Pro,389,Gln,0.0,Likely Benign,False
96761,Lys382Asn,Lys,382,Asn,0.0,Likely Benign,False
96760,Ser3389Phe,Ser,3389,Phe,0.0,Likely Benign,False
96759,Thr3388Ala,Thr,3388,Ala,0.0,Likely Benign,False
91835,Asn1719Tyr,Asn,1719,Tyr,0.0,Likely Benign,False
91833,Asp1709Tyr,Asp,1709,Tyr,0.0,Likely Benign,False
91829,Lys1636Glu,Lys,1636,Glu,0.0,Likely Benign,False
91824,Cys1580Tyr,Cys,1580,Tyr,0.0,Likely Benign,False
91821,Glu1493Gln,Glu,1493,Gln,0.0,Likely Benign,False
91819,Ser1432Gly,Ser,1432,Gly,0.0,Likely Benign,False
91818,Asp1425Gly,Asp,1425,Gly,0.0,Likely Benign,False
91814,Ala1393Gly,Ala,1393,Gly,0.0,Likely Benign,False
91811,His1332Arg,His,1332,Arg,0.0,Likely Benign,False
91810,Thr1317Ser,Thr,1317,Ser,0.0,Likely Benign,False
91804,His1223Arg,His,1223,Arg,0.0,Likely Benign,False
91803,Arg118Cys,Arg,118,Cys,0.0,Likely Benign,False
91802,Ile1173Thr,Ile,1173,Thr,0.0,Likely Benign,False
91800,Ile1136Thr,Ile,1136,Thr,0.0,Likely Benign,False
91799,Ser1134Thr,Ser,1134,Thr,0.0,Likely Benign,False
91796,His1101Arg,His,1101,Arg,0.0,Likely Benign,False
91795,Met1090Val,Met,1090,Val,0.0,Likely Benign,False
91794,Ser1004Gly,Ser,1004,Gly,0.0,Likely Benign,False
91793,Ala994Val,Ala,994,Val,0.0,Likely Benign,False
91791,Lys981Arg,Lys,981,Arg,0.0,Likely Benign,False
91790,Ile975Ser,Ile,975,Ser,0.0,Likely Benign,False
96763,Leu474Pro,Leu,474,Pro,0.0,Likely Benign,False
96764,Thr478Lys,Thr,478,Lys,0.0,Likely Benign,False
96765,Glu49Val,Glu,49,Val,0.0,Likely Benign,False
96785,Gln1056Arg,Gln,1056,Arg,0.0,Likely Benign,False
96806,Gln1452Glu,Gln,1452,Glu,0.0,Likely Benign,False
96805,Ala1395Ser,Ala,1395,Ser,0.0,Likely Benign,False
96804,Leu1387Ile,Leu,1387,Ile,0.0,Likely Benign,False
96795,Ala1193Val,Ala,1193,Val,0.0,Likely Benign,False
96794,Gly1184Ala,Gly,1184,Ala,0.0,Likely Benign,False
96793,Ile1173Phe,Ile,1173,Phe,0.0,Likely Benign,False
96792,Arg1160Lys,Arg,1160,Lys,0.0,Likely Benign,False
96790,Pro1145Leu,Pro,1145,Leu,0.0,Likely Benign,False
96788,Val1076Ile,Val,1076,Ile,0.0,Likely Benign,False
96787,Ile1065Thr,Ile,1065,Thr,0.0,Likely Benign,False
96786,Lys1058Arg,Lys,1058,Arg,0.0,Likely Benign,False
96783,Tyr930Cys,Tyr,930,Cys,0.0,Likely Benign,False
96766,His523Arg,His,523,Arg,0.0,Likely Benign,False
96782,Glu919Lys,Glu,919,Lys,0.0,Likely Benign,False
96781,Gly800Ser,Gly,800,Ser,0.0,Likely Benign,False
96780,Ile729Thr,Ile,729,Thr,0.0,Likely Benign,False
96779,Ile729Val,Ile,729,Val,0.0,Likely Benign,False
96778,Lys725Glu,Lys,725,Glu,0.0,Likely Benign,False
96777,Leu700Ile,Leu,700,Ile,0.0,Likely Benign,False
96775,Glu696Lys,Glu,696,Lys,0.0,Likely Benign,False
96774,Ala691Thr,Ala,691,Thr,0.0,Likely Benign,False
96771,Ile594Leu,Ile,594,Leu,0.0,Likely Benign,False
96770,Ala593Ser,Ala,593,Ser,0.0,Likely Benign,False
96768,Asn570Ser,Asn,570,Ser,0.0,Likely Benign,False
91789,Lys945Asn,Lys,945,Asn,0.0,Likely Benign,False
91788,Val941Gly,Val,941,Gly,0.0,Likely Benign,False
91785,Pro920Ser,Pro,920,Ser,0.0,Likely Benign,False
91470,Asp237Asn,Asp,237,Asn,0.0,Likely Benign,False
91511,Pro2796Ser,Pro,2796,Ser,0.0,Likely Benign,False
91503,Asn272Asp,Asn,272,Asp,0.0,Likely Benign,False
91502,Ser2710Gly,Ser,2710,Gly,0.0,Likely Benign,False
91501,Ser2709Gly,Ser,2709,Gly,0.0,Likely Benign,False
91488,Lys2551Gln,Lys,2551,Gln,0.0,Likely Benign,False
91487,Ile2550Val,Ile,2550,Val,0.0,Likely Benign,False
91484,Lys2538Glu,Lys,2538,Glu,0.0,Likely Benign,False
91483,Gly2529Ser,Gly,2529,Ser,0.0,Likely Benign,False
91476,Asn2452Ser,Asn,2452,Ser,0.0,Likely Benign,False
91475,Asn2452Asp,Asn,2452,Asp,0.0,Likely Benign,False
91473,Arg2418Lys,Arg,2418,Lys,0.0,Likely Benign,False
91469,Arg2341Cys,Arg,2341,Cys,0.0,Likely Benign,False
91524,Ser3131Pro,Ser,3131,Pro,0.0,Likely Benign,False
91467,His2324Arg,His,2324,Arg,0.0,Likely Benign,False
91465,Tyr232His,Tyr,232,His,0.0,Likely Benign,False
91458,Asn228Ser,Asn,228,Ser,0.0,Likely Benign,False
91456,Ile2269Thr,Ile,2269,Thr,0.0,Likely Benign,False
91455,Ala227Thr,Ala,227,Thr,0.0,Likely Benign,False
91452,Leu2180Phe,Leu,2180,Phe,0.0,Likely Benign,False
91450,Gln2159Glu,Gln,2159,Glu,0.0,Likely Benign,False
91446,Lys2128Thr,Lys,2128,Thr,0.0,Likely Benign,False
91444,Arg2108Leu,Arg,2108,Leu,0.0,Likely Benign,False
91439,Asn2051Ser,Asn,2051,Ser,0.0,Likely Benign,False
91438,Ile2033Lys,Ile,2033,Lys,0.0,Likely Benign,False
91522,Tyr3092Phe,Tyr,3092,Phe,0.0,Likely Benign,False
91526,Val3166Ile,Val,3166,Ile,0.0,Likely Benign,False
91782,Asn886Ser,Asn,886,Ser,0.0,Likely Benign,False
91750,Arg435Lys,Arg,435,Lys,0.0,Likely Benign,False
91781,Asp885Gly,Asp,885,Gly,0.0,Likely Benign,False
91772,Thr751Ile,Thr,751,Ile,0.0,Likely Benign,False
91769,Ser683Pro,Ser,683,Pro,0.0,Likely Benign,False
91768,Ile682Thr,Ile,682,Thr,0.0,Likely Benign,False
91767,Ile682Phe,Ile,682,Phe,0.0,Likely Benign,False
91765,Thr656Ala,Thr,656,Ala,0.0,Likely Benign,False
91762,Leu629Phe,Leu,629,Phe,0.0,Likely Benign,False
91758,Gly602Val,Gly,602,Val,0.0,Likely Benign,False
91757,Asn588Asp,Asn,588,Asp,0.0,Likely Benign,False
91755,Glu58Lys,Glu,58,Lys,0.0,Likely Benign,False
91752,Asp469His,Asp,469,His,0.0,Likely Benign,False
91749,Gln421Glu,Gln,421,Glu,0.0,Likely Benign,False
91527,Asp3188Glu,Asp,3188,Glu,0.0,Likely Benign,False
91747,Asp381Asn,Asp,381,Asn,0.0,Likely Benign,False
91746,Ser356Thr,Ser,356,Thr,0.0,Likely Benign,False
91744,Thr3414Ala,Thr,3414,Ala,0.0,Likely Benign,False
91742,Ser3018Asn,Ser,3018,Asn,0.0,Likely Benign,False
91741,Ile2986Met,Ile,2986,Met,0.0,Likely Benign,False
91738,Glu2981Gly,Glu,2981,Gly,0.0,Likely Benign,False
91732,Arg2888Cys,Arg,2888,Cys,0.0,Likely Benign,False
91730,Glu2878Lys,Glu,2878,Lys,0.0,Likely Benign,False
91533,Ser3241Cys,Ser,3241,Cys,0.0,Likely Benign,False
91532,Cys3233Tyr,Cys,3233,Tyr,0.0,Likely Benign,False
91531,Val323Gly,Val,323,Gly,0.0,Likely Benign,False
52345,Arg2502His,Arg,2502,His,0.0,Likely Benign,False
52334,Ser2483Gly,Ser,2483,Gly,0.0,Likely Benign,False
51458,Gln1138Leu,Gln,1138,Leu,0.0,Likely Benign,False
51657,His150Arg,His,150,Arg,0.0,Likely Benign,False
51749,Ala1652Pro,Ala,1652,Pro,0.0,Likely Benign,False
51743,Val1643Ala,Val,1643,Ala,0.0,Likely Benign,False
51741,Asn1642Thr,Asn,1642,Thr,0.0,Likely Benign,False
51738,Phe1634Ser,Phe,1634,Ser,0.0,Likely Benign,False
51737,Ile1633Asn,Ile,1633,Asn,0.0,Likely Benign,False
51736,Ile1633Val,Ile,1633,Val,0.0,Likely Benign,False
51729,Asn1619Ser,Asn,1619,Ser,0.0,Likely Benign,False
51728,Asp1618Glu,Asp,1618,Glu,0.0,Likely Benign,False
51724,Lys1614Glu,Lys,1614,Glu,0.0,Likely Benign,False
51717,Asp1601Gly,Asp,1601,Gly,0.0,Likely Benign,False
51711,Val159Met,Val,159,Met,0.0,Likely Benign,False
51706,Ser158Leu,Ser,158,Leu,0.0,Likely Benign,False
51705,Leu1578Val,Leu,1578,Val,0.0,Likely Benign,False
51702,Cys1573Tyr,Cys,1573,Tyr,0.0,Likely Benign,False
51699,Lys1568Arg,Lys,1568,Arg,0.0,Likely Benign,False
51695,His1561Asn,His,1561,Asn,0.0,Likely Benign,False
51694,Asp156Gly,Asp,156,Gly,0.0,Likely Benign,False
51691,Thr1553Ile,Thr,1553,Ile,0.0,Likely Benign,False
51689,Gly1552Val,Gly,1552,Val,0.0,Likely Benign,False
51673,Thr1520Ala,Thr,1520,Ala,0.0,Likely Benign,False
51668,Ile1516Asn,Ile,1516,Asn,0.0,Likely Benign,False
51665,Asp1513Glu,Asp,1513,Glu,0.0,Likely Benign,False
51664,Asp1513Asn,Asp,1513,Asn,0.0,Likely Benign,False
51661,Arg1512His,Arg,1512,His,0.0,Likely Benign,False
51660,Arg1512Cys,Arg,1512,Cys,0.0,Likely Benign,False
51754,Ala1668Gly,Ala,1668,Gly,0.0,Likely Benign,False
51756,Ser1674Gly,Ser,1674,Gly,0.0,Likely Benign,False
51758,Thr1679Pro,Thr,1679,Pro,0.0,Likely Benign,False
51818,Arg174Cys,Arg,174,Cys,0.0,Likely Benign,False
51858,Asn1805Ser,Asn,1805,Ser,0.0,Likely Benign,False
51857,Gln1802Arg,Gln,1802,Arg,0.0,Likely Benign,False
51855,Arg18His,Arg,18,His,0.0,Likely Benign,False
51852,Ala1797Gly,Ala,1797,Gly,0.0,Likely Benign,False
51841,Gln1782Lys,Gln,1782,Lys,0.0,Likely Benign,False
51840,Asp1781Gly,Asp,1781,Gly,0.0,Likely Benign,False
51834,Gly1761Glu,Gly,1761,Glu,0.0,Likely Benign,False
51832,Asn1758Asp,Asn,1758,Asp,0.0,Likely Benign,False
51830,His1752Tyr,His,1752,Tyr,0.0,Likely Benign,False
51828,Ser1750Phe,Ser,1750,Phe,0.0,Likely Benign,False
51825,Arg174His,Arg,174,His,0.0,Likely Benign,False
51811,His1731Asn,His,1731,Asn,0.0,Likely Benign,False
51760,Thr1684Ser,Thr,1684,Ser,0.0,Likely Benign,False
51809,Asn1730Tyr,Asn,1730,Tyr,0.0,Likely Benign,False
51808,Asp1728Asn,Asp,1728,Asn,0.0,Likely Benign,False
51803,Ile1724Thr,Ile,1724,Thr,0.0,Likely Benign,False
96807,Met1475Val,Met,1475,Val,0.0,Likely Benign,False
51793,Thr1723Pro,Thr,1723,Pro,0.0,Likely Benign,False
51774,Thr1707Ala,Thr,1707,Ala,0.0,Likely Benign,False
51771,Ile1705Val,Ile,1705,Val,0.0,Likely Benign,False
51769,Glu1703Gln,Glu,1703,Gln,0.0,Likely Benign,False
51768,Pro1702Ser,Pro,1702,Ser,0.0,Likely Benign,False
51766,Gly1700Ser,Gly,1700,Ser,0.0,Likely Benign,False
51765,Asp1699Gly,Asp,1699,Gly,0.0,Likely Benign,False
51658,Thr1505Ala,Thr,1505,Ala,0.0,Likely Benign,False
51656,Val1497Asp,Val,1497,Asp,0.0,Likely Benign,False
52332,Ala248Gly,Ala,248,Gly,0.0,Likely Benign,False
51655,Val1495Ile,Val,1495,Ile,0.0,Likely Benign,False
51537,Asp1280Val,Asp,1280,Val,0.0,Likely Benign,False
51534,Asn1279Asp,Asn,1279,Asp,0.0,Likely Benign,False
51531,Ile1275Thr,Ile,1275,Thr,0.0,Likely Benign,False
51530,Met1272Val,Met,1272,Val,0.0,Likely Benign,False
51526,Ala127Ser,Ala,127,Ser,0.0,Likely Benign,False
51524,Ser1261Cys,Ser,1261,Cys,0.0,Likely Benign,False
51520,His1256Arg,His,1256,Arg,0.0,Likely Benign,False
51519,His1256Pro,His,1256,Pro,0.0,Likely Benign,False
51517,Asp125Glu,Asp,125,Glu,0.0,Likely Benign,False
51515,Glu1250Gly,Glu,1250,Gly,0.0,Likely Benign,False
51494,Leu1208Ile,Leu,1208,Ile,0.0,Likely Benign,False
51492,Cys1200Ser,Cys,1200,Ser,0.0,Likely Benign,False
51490,Phe1192Cys,Phe,1192,Cys,0.0,Likely Benign,False
51484,Lys1180Arg,Lys,1180,Arg,0.0,Likely Benign,False
51483,Ser1179Asn,Ser,1179,Asn,0.0,Likely Benign,False
51479,Met1168Lys,Met,1168,Lys,0.0,Likely Benign,False
51476,Ile1167Val,Ile,1167,Val,0.0,Likely Benign,False
51475,Val1166Ile,Val,1166,Ile,0.0,Likely Benign,False
51471,Lys1153Arg,Lys,1153,Arg,0.0,Likely Benign,False
51467,Ile1151Val,Ile,1151,Val,0.0,Likely Benign,False
51465,Met1149Val,Met,1149,Val,0.0,Likely Benign,False
51463,Lys115Glu,Lys,115,Glu,0.0,Likely Benign,False
51462,Val1144Gly,Val,1144,Gly,0.0,Likely Benign,False
51460,His114Arg,His,114,Arg,0.0,Likely Benign,False
51459,Ser1140Thr,Ser,1140,Thr,0.0,Likely Benign,False
51538,Asp128Gly,Asp,128,Gly,0.0,Likely Benign,False
51540,Val1283Gly,Val,1283,Gly,0.0,Likely Benign,False
51542,Lys1286Glu,Lys,1286,Glu,0.0,Likely Benign,False
51592,Ile1364Leu,Ile,1364,Leu,0.0,Likely Benign,False
51648,Ser1479Thr,Ser,1479,Thr,0.0,Likely Benign,False
51644,Gln147Arg,Gln,147,Arg,0.0,Likely Benign,False
51636,His1458Tyr,His,1458,Tyr,0.0,Likely Benign,False
51635,Asp1451Gly,Asp,1451,Gly,0.0,Likely Benign,False
51632,Lys1440Arg,Lys,1440,Arg,0.0,Likely Benign,False
51631,Lys1440Glu,Lys,1440,Glu,0.0,Likely Benign,False
51630,Ala1439Thr,Ala,1439,Thr,0.0,Likely Benign,False
51623,Ser1424Cys,Ser,1424,Cys,0.0,Likely Benign,False
51616,Thr1414Met,Thr,1414,Met,0.0,Likely Benign,False
51613,Ser140Gly,Ser,140,Gly,0.0,Likely Benign,False
51611,Val1392Ile,Val,1392,Ile,0.0,Likely Benign,False
51588,Thr1354Met,Thr,1354,Met,0.0,Likely Benign,False
51547,Asn1288Ile,Asn,1288,Ile,0.0,Likely Benign,False
51586,Ile1349Thr,Ile,1349,Thr,0.0,Likely Benign,False
51585,Val1347Leu,Val,1347,Leu,0.0,Likely Benign,False
51576,Asn1322Lys,Asn,1322,Lys,0.0,Likely Benign,False
51575,Asn1322Thr,Asn,1322,Thr,0.0,Likely Benign,False
51574,Asp1321Gly,Asp,1321,Gly,0.0,Likely Benign,False
51571,Arg1315Lys,Arg,1315,Lys,0.0,Likely Benign,False
51568,Tyr1313Cys,Tyr,1313,Cys,0.0,Likely Benign,False
51563,Val1306Ala,Val,1306,Ala,0.0,Likely Benign,False
51561,Phe1305Ser,Phe,1305,Ser,0.0,Likely Benign,False
51558,Thr1302Asn,Thr,1302,Asn,0.0,Likely Benign,False
51553,Ile1298Thr,Ile,1298,Thr,0.0,Likely Benign,False
51860,Val1810Ile,Val,1810,Ile,0.0,Likely Benign,False
51865,Pro1819Ser,Pro,1819,Ser,0.0,Likely Benign,False
51867,Lys1823Gln,Lys,1823,Gln,0.0,Likely Benign,False
51868,Asn1824Ser,Asn,1824,Ser,0.0,Likely Benign,False
52224,Ile2315Val,Ile,2315,Val,0.0,Likely Benign,False
52223,Ile2315Leu,Ile,2315,Leu,0.0,Likely Benign,False
52219,Thr2310Asn,Thr,2310,Asn,0.0,Likely Benign,False
52218,Glu2301Lys,Glu,2301,Lys,0.0,Likely Benign,False
52217,Glu2298Lys,Glu,2298,Lys,0.0,Likely Benign,False
52215,Asn2291Asp,Asn,2291,Asp,0.0,Likely Benign,False
52213,Pro2283Ala,Pro,2283,Ala,0.0,Likely Benign,False
52202,Pro2276Ser,Pro,2276,Ser,0.0,Likely Benign,False
52201,Pro2276Thr,Pro,2276,Thr,0.0,Likely Benign,False
52199,Gly2274Val,Gly,2274,Val,0.0,Likely Benign,False
52191,Arg2268Lys,Arg,2268,Lys,0.0,Likely Benign,False
52184,Asn2266His,Asn,2266,His,0.0,Likely Benign,False
52183,Met2262Arg,Met,2262,Arg,0.0,Likely Benign,False
52182,Pro2257Arg,Pro,2257,Arg,0.0,Likely Benign,False
52181,Thr226Ala,Thr,226,Ala,0.0,Likely Benign,False
52179,Cys2256Tyr,Cys,2256,Tyr,0.0,Likely Benign,False
52172,Thr225Ala,Thr,225,Ala,0.0,Likely Benign,False
52170,Thr2241Ile,Thr,2241,Ile,0.0,Likely Benign,False
52167,Asp2238Glu,Asp,2238,Glu,0.0,Likely Benign,False
52166,Asp2238Gly,Asp,2238,Gly,0.0,Likely Benign,False
52156,Val2228Ala,Val,2228,Ala,0.0,Likely Benign,False
52151,Tyr2222Cys,Tyr,2222,Cys,0.0,Likely Benign,False
52142,Ser2213Pro,Ser,2213,Pro,0.0,Likely Benign,False
52134,Val2205Met,Val,2205,Met,0.0,Likely Benign,False
52129,Val2190Ile,Val,2190,Ile,0.0,Likely Benign,False
52233,Thr2331Ala,Thr,2331,Ala,0.0,Likely Benign,False
52242,Arg2336Leu,Arg,2336,Leu,0.0,Likely Benign,False
52248,Thr2337Ile,Thr,2337,Ile,0.0,Likely Benign,False
52306,Asn2436Ile,Asn,2436,Ile,0.0,Likely Benign,False
52331,Leu2480Val,Leu,2480,Val,0.0,Likely Benign,False
52326,Ala248Thr,Ala,248,Thr,0.0,Likely Benign,False
52325,Pro2477Ser,Pro,2477,Ser,0.0,Likely Benign,False
52323,Cys2473Tyr,Cys,2473,Tyr,0.0,Likely Benign,False
52322,Lys2472Thr,Lys,2472,Thr,0.0,Likely Benign,False
52321,Ile247Thr,Ile,247,Thr,0.0,Likely Benign,False
52316,Ala2465Val,Ala,2465,Val,0.0,Likely Benign,False
52313,Gln2456Glu,Gln,2456,Glu,0.0,Likely Benign,False
52309,Gly2441Ala,Gly,2441,Ala,0.0,Likely Benign,False
52308,Asp2438Gly,Asp,2438,Gly,0.0,Likely Benign,False
52307,Asp244Asn,Asp,244,Asn,0.0,Likely Benign,False
52304,Lys2434Thr,Lys,2434,Thr,0.0,Likely Benign,False
52254,Pro2347Gln,Pro,2347,Gln,0.0,Likely Benign,False
52297,Ser2414Leu,Ser,2414,Leu,0.0,Likely Benign,False
52284,Thr2399Ala,Thr,2399,Ala,0.0,Likely Benign,False
52283,Thr2398Ser,Thr,2398,Ser,0.0,Likely Benign,False
52277,Met2393Val,Met,2393,Val,0.0,Likely Benign,False
52272,Ser2373Thr,Ser,2373,Thr,0.0,Likely Benign,False
52268,Glu2369Asp,Glu,2369,Asp,0.0,Likely Benign,False
52266,Glu2364Lys,Glu,2364,Lys,0.0,Likely Benign,False
52265,Tyr2363Cys,Tyr,2363,Cys,0.0,Likely Benign,False
52263,His236Arg,His,236,Arg,0.0,Likely Benign,False
52257,Ala2351Pro,Ala,2351,Pro,0.0,Likely Benign,False
52256,Ala2351Thr,Ala,2351,Thr,0.0,Likely Benign,False
52126,Gln2184Glu,Gln,2184,Glu,0.0,Likely Benign,False
52124,His2178Tyr,His,2178,Tyr,0.0,Likely Benign,False
52123,His2178Asn,His,2178,Asn,0.0,Likely Benign,False
51906,Met1890Val,Met,1890,Val,0.0,Likely Benign,False
51950,Pro1947Ser,Pro,1947,Ser,0.0,Likely Benign,False
51948,Ser1946Pro,Ser,1946,Pro,0.0,Likely Benign,False
51942,Asn1935Ser,Asn,1935,Ser,0.0,Likely Benign,False
51936,Glu1928Lys,Glu,1928,Lys,0.0,Likely Benign,False
51928,His1918Arg,His,1918,Arg,0.0,Likely Benign,False
51927,His1918Tyr,His,1918,Tyr,0.0,Likely Benign,False
51925,Ser1914Thr,Ser,1914,Thr,0.0,Likely Benign,False
51919,Asn1910Ser,Asn,1910,Ser,0.0,Likely Benign,False
51917,Asp1909Gly,Asp,1909,Gly,0.0,Likely Benign,False
51913,His1905Arg,His,1905,Arg,0.0,Likely Benign,False
51907,Met1890Thr,Met,1890,Thr,0.0,Likely Benign,False
51904,Ile1889Phe,Ile,1889,Phe,0.0,Likely Benign,False
51957,Ile1957Val,Ile,1957,Val,0.0,Likely Benign,False
51903,Lys1888Arg,Lys,1888,Arg,0.0,Likely Benign,False
51901,Thr1887Met,Thr,1887,Met,0.0,Likely Benign,False
51899,Ile1884Thr,Ile,1884,Thr,0.0,Likely Benign,False
51896,Asn1880Lys,Asn,1880,Lys,0.0,Likely Benign,False
51895,Glu1879Lys,Glu,1879,Lys,0.0,Likely Benign,False
51891,Ser1871Asn,Ser,1871,Asn,0.0,Likely Benign,False
51889,Asp1868Tyr,Asp,1868,Tyr,0.0,Likely Benign,False
51875,Asn1836Thr,Asn,1836,Thr,0.0,Likely Benign,False
51874,Asn1835Lys,Asn,1835,Lys,0.0,Likely Benign,False
51873,Asn1835Asp,Asn,1835,Asp,0.0,Likely Benign,False
51871,Ile1827Val,Ile,1827,Val,0.0,Likely Benign,False
51956,Asp1956His,Asp,1956,His,0.0,Likely Benign,False
51961,Lys1964Arg,Lys,1964,Arg,0.0,Likely Benign,False
52109,Pro2153Leu,Pro,2153,Leu,0.0,Likely Benign,False
52046,Tyr2094Cys,Tyr,2094,Cys,0.0,Likely Benign,False
52094,Asn2145Ser,Asn,2145,Ser,0.0,Likely Benign,False
52088,Val2138Asp,Val,2138,Asp,0.0,Likely Benign,False
52087,Val2138Phe,Val,2138,Phe,0.0,Likely Benign,False
52083,Asn2135His,Asn,2135,His,0.0,Likely Benign,False
52074,Glu2121Gly,Glu,2121,Gly,0.0,Likely Benign,False
52067,Asp2110Ala,Asp,2110,Ala,0.0,Likely Benign,False
52058,Val211Ile,Val,211,Ile,0.0,Likely Benign,False
52057,Leu2106Pro,Leu,2106,Pro,0.0,Likely Benign,False
52051,Val2102Leu,Val,2102,Leu,0.0,Likely Benign,False
52049,Arg2099Thr,Arg,2099,Thr,0.0,Likely Benign,False
52048,Ser2098Phe,Ser,2098,Phe,0.0,Likely Benign,False
52034,Ser2071Ile,Ser,2071,Ile,0.0,Likely Benign,False
51978,Ala1991Val,Ala,1991,Val,0.0,Likely Benign,False
52021,Ala2054Pro,Ala,2054,Pro,0.0,Likely Benign,False
52019,Val2050Ile,Val,2050,Ile,0.0,Likely Benign,False
52016,Ile2040Leu,Ile,2040,Leu,0.0,Likely Benign,False
52012,Arg2034His,Arg,2034,His,0.0,Likely Benign,False
52011,Ile2033Met,Ile,2033,Met,0.0,Likely Benign,False
52009,Glu2029Gly,Glu,2029,Gly,0.0,Likely Benign,False
52001,Gln2024Arg,Gln,2024,Arg,0.0,Likely Benign,False
51995,Lys2013Glu,Lys,2013,Glu,0.0,Likely Benign,False
51991,Val2010Gly,Val,2010,Gly,0.0,Likely Benign,False
51987,Ile2003Thr,Ile,2003,Thr,0.0,Likely Benign,False
51980,Gln1994Arg,Gln,1994,Arg,0.0,Likely Benign,False
9329,Asn372His,Asn,372,His,0.0,Likely Benign,False
